,Brazil_price,China_price,Mexico_price,Russia_price,Brazil_returns,China_returns,Mexico_returns,Russia_returns
6/01/2006,4544.617,3110.659,4464.293,997.242,1.990160026,-0.990249723,-1.461931823,-0.119943897
6/02/2006,4628.297,3174.436,4677.512,1052.25,0.792393135,0.881417064,2.026221991,2.331837339
6/05/2006,4475.484,3203.164,4587.215,1053.76,-1.458121121,0.391259918,-0.846581461,0.062277461
6/06/2006,4379.785,3202.454,4449.824,1003.572,-0.938721698,-0.009627458,-1.320626168,-2.119317318
6/07/2006,4253.738,3148.985,4337.008,977.54,-1.268205493,-0.731230836,-1.115261081,-1.14139985
6/08/2006,4251.254,3033.609,4088.887,928.375,-0.025368337,-1.62109878,-2.558511464,-2.241110042
6/09/2006,4242.16,3017.119,4328.336,934.96,-0.093000895,-0.236716433,2.47158582,0.306959411
6/12/2006,4052.624,2997.859,4187.559,926.485,-1.985073258,-0.278123721,-1.43600278,-0.395463865
6/13/2006,3859.698,2874.466,4001.951,848.024,-2.118298717,-1.825402652,-1.96891722,-3.843024895
6/14/2006,3896.62,2850.258,3918.503,879.389,0.413473042,-0.367300275,-0.915158322,1.577288543
6/15/2006,3933.997,2916.836,4197.023,925.204,0.414596912,1.002783816,2.982116558,2.205647285
6/16/2006,4148.516,3058.807,4357.152,906.955,2.305874502,2.064006392,1.626136145,-0.865176233
6/19/2006,4136.113,3008.753,4411.266,915.87,-0.13003741,-0.716553908,0.536053595,0.424809422
6/20/2006,4091.846,2947.639,4333.391,928.551,-0.4673115,-0.891224231,-0.773536958,0.597192843
6/21/2006,4228.914,2974.69,4415.848,929.014,1.430957302,0.396741948,0.818623892,0.02164967
6/22/2006,4206.262,3016.476,4518.75,921.65,-0.233253278,0.60581608,1.000419872,-0.345623132
6/23/2006,4228.941,3007.786,4570.73,919.484,0.233530557,-0.125294075,0.496725297,-0.102185097
6/26/2006,4254.566,3035.644,4384.191,924.87,0.262363901,0.400390552,-1.809610141,0.253651601
6/27/2006,4205.695,3070.105,4440.605,947.678,-0.5017491,0.490238988,0.55526774,1.058010629
6/28/2006,4243.066,3083.024,4421.328,959.009,0.384201303,0.182367659,-0.188940899,0.516188415
6/29/2006,4512.926,3125.354,4453.527,991.997,2.677842512,0.592231024,0.315135501,1.468767585
6/30/2006,4643.852,3234.728,4686.633,1023.887,1.242015798,1.493855206,2.215685658,1.374167016
7/03/2006,4794.078,3250.63,4715.18,1035.812,1.382672548,0.212977131,0.26373302,0.502890914
7/04/2006,4784.594,3265.43,4722.781,1055.257,-0.086000444,0.197283923,0.069953098,0.807730365
7/05/2006,4589.723,3213.005,4808.602,1025.032,-1.805861563,-0.702897697,0.782102535,-1.262081807
7/06/2006,4627.352,3250.895,4749.332,1047.367,0.35460616,0.509154114,-0.538630292,0.936146257
7/07/2006,4604.859,3259.456,4641.363,1047.667,-0.211620057,0.114218026,-0.998699399,0.012437826
7/10/2006,4604.109,3262.333,4715.465,1053.503,-0.007073993,0.038316643,0.687898988,0.241251219
7/11/2006,4609.391,3259.863,4682.855,1056.37,0.049795272,-0.032894057,-0.301381521,0.118028246
7/12/2006,4552.016,3273.447,4797.57,1061.272,-0.543976961,0.180596504,1.051060963,0.201064708
7/13/2006,4386.621,3217.575,4762.938,1019.049,-1.607366652,-0.747663483,-0.314639186,-1.763163906
7/14/2006,4356.152,3178.334,4685.887,1014.204,-0.302708812,-0.532914512,-0.708311687,-0.206974808
7/17/2006,4289.855,3148.715,4472.781,998.901,-0.666041228,-0.406618069,-2.021417698,-0.660287116
7/18/2006,4335.891,3140.796,4445.281,994.776,0.463574295,-0.109362391,-0.267841513,-0.179714898
7/19/2006,4585.184,3154.827,4316.75,1023.357,2.427841233,0.193581984,-1.27423216,1.230186566
7/20/2006,4487.352,3230.094,4480.648,1025.552,-0.936663017,1.023961206,1.618392937,0.093052132
7/21/2006,4443.086,3229.106,4371.184,1018.885,-0.430541861,-0.013285947,-1.074173905,-0.283251729
7/24/2006,4551.621,3212.376,4411.203,1029.528,1.048137299,-0.2255929,0.395795611,0.451299398
7/25/2006,4599.957,3229.523,4521.113,1034.278,0.458767948,0.231200926,1.068831774,0.199912437
7/26/2006,4562.117,3227.196,4621.086,1043.476,-0.358735296,-0.031303927,0.94986891,0.384517776
7/27/2006,4643.309,3285.2,4691.695,1085.129,0.766116679,0.773647158,0.658572057,1.699890541
7/28/2006,4696.344,3291.139,4659.238,1089.022,0.493231503,0.078441079,-0.301487619,0.155528317
7/31/2006,4683.066,3279.542,4697.379,1081.293,-0.122962233,-0.153302781,0.354070656,-0.30932618
8/01/2006,4592.637,3254.662,4686.52,1075.244,-0.846815815,-0.330730382,-0.100512716,-0.243636368
8/02/2006,4671.742,3265.288,4723.609,1102.667,0.741673024,0.141559897,0.342346666,1.093734963
8/03/2006,4694.797,3294.297,4757.535,1104.386,0.213796782,0.384125848,0.310805056,0.067651512
8/04/2006,4779.18,3271.47,4734.891,1131.393,0.773656943,-0.301980868,-0.207200623,1.049259484
8/07/2006,4734.375,3288.815,4718.84,1123.708,-0.40907333,0.229650247,-0.147473361,-0.296001466
8/08/2006,4704.309,3302.248,4808.191,1117.277,-0.276681411,0.177024127,0.814645907,-0.249261417
8/09/2006,4687.543,3354.764,4878.855,1131.525,-0.155057576,0.685228813,0.633619983,0.550329516
8/10/2006,4731,3345.982,4893.707,1120.656,0.40076834,-0.113837364,0.132005233,-0.419183305
8/11/2006,4686.262,3356.998,4902.996,1136.474,-0.412638253,0.14274822,0.082357557,0.60871838
8/14/2006,4646.578,3362.579,4942.805,1129.851,-0.369333367,0.072141388,0.351193839,-0.253833015
8/15/2006,4785.559,3361.403,4945.988,1124.334,1.279944306,-0.015191305,0.027958101,-0.212583035
8/16/2006,4891.211,3401.396,5019.227,1132.667,0.948372317,0.513661331,0.638377923,0.320690364
8/17/2006,4890.543,3381.637,5052.941,1128.059,-0.00593163,-0.253020999,0.290738972,-0.177043281
8/18/2006,4849.844,3371.645,5058.16,1090.218,-0.362931247,-0.12851451,0.044833557,-1.481846666
8/21/2006,4788.508,3311.532,5081.715,1105.385,-0.5527552,-0.781288548,0.201774182,0.600021879
8/22/2006,4766.633,3358.342,5068.273,1120.121,-0.198850198,0.609596477,-0.115030478,0.575137251
8/23/2006,4630.648,3348.145,5023.844,1129.357,-1.256994611,-0.132066289,-0.382385464,0.356630861
8/24/2006,4604.992,3318.311,5069.598,1120.421,-0.241288917,-0.388717126,0.393737752,-0.345000787
8/25/2006,4612.824,3316.6,5091.18,1123.812,0.073800458,-0.022399031,0.184492912,0.131242497
8/28/2006,4698.91,3310.488,5112.559,1123.255,0.803024226,-0.080107843,0.181988099,-0.021530469
8/29/2006,4711.934,3345.009,5150.129,1125.788,0.120207177,0.450527264,0.317977446,0.097825465
8/30/2006,4760.703,3355.892,5154.57,1131.344,0.447188987,0.141068522,0.037433445,0.213806283
8/31/2006,4742.566,3343.25,5130.172,1114.761,-0.165770507,-0.163912255,-0.206051579,-0.641291147
9/01/2006,4849.25,3352.454,5181.277,1119.071,0.9661191,0.11939742,0.430488503,0.167587494
9/04/2006,4944.914,3410.662,5266.5,1127.931,0.848416845,0.747585504,0.708527748,0.342489152
9/05/2006,4892.887,3410.581,5267.824,1149.46,-0.459355697,-0.001031421,0.010916807,0.821132993
9/06/2006,4787.574,3403.787,5289.738,1132.443,-0.944968617,-0.086599306,0.180290543,-0.647751127
9/07/2006,4748.703,3383.94,5254.855,1105.149,-0.35404916,-0.253972122,-0.287342521,-1.059551656
9/08/2006,4730.984,3383.946,5275.414,1110.429,-0.16235289,7.70E-05,0.169581073,0.206996026
9/11/2006,4611.922,3347.962,5111.246,1076.185,-1.106952569,-0.464290406,-1.372976386,-1.360386081
9/12/2006,4685.527,3358.682,5170.879,1085.427,0.687649121,0.138836676,0.503759159,0.371368595
9/13/2006,4744.965,3379.948,5276.68,1097.706,0.54745685,0.274113198,0.879638226,0.488541759
9/14/2006,4730.344,3381.058,5318.297,1100.227,-0.134028867,0.014260212,0.341182929,0.099626046
9/15/2006,4747.063,3380.464,5332.633,1095.439,0.153227079,-0.007630558,0.116910907,-0.189409981
9/18/2006,4796.906,3419.928,5363.652,1111.942,0.453621269,0.504064761,0.251889666,0.649393591
9/19/2006,4735.301,3432.27,5315.457,1111.884,-0.561361793,0.156448144,-0.391998334,-0.002265382
9/20/2006,4628.754,3452.525,5385.203,1097.623,-0.988348984,0.255538767,0.566146983,-0.560628196
9/21/2006,4507.664,3477.552,5466.207,1087.357,-1.151256397,0.313680072,0.648399492,-0.408104418
9/22/2006,4429.449,3478.913,5445.621,1066.866,-0.760183074,0.016993539,-0.163866161,-0.826227984
9/25/2006,4450.023,3464.97,5410.641,1035.121,0.201254999,-0.174408932,-0.279869324,-1.311875538
9/26/2006,4580.949,3395.601,5479.363,1053.521,1.259320113,-0.8782826,0.548135365,0.765207747
9/27/2006,4643.848,3445.706,5507.402,1074.271,0.592253943,0.636156632,0.221670517,0.84706552
9/28/2006,4697.828,3463.912,5513.719,1097.687,0.501911585,0.228863119,0.049785109,0.936466876
9/29/2006,4708.484,3472.218,5549.574,1092.176,0.098398692,0.104013382,0.281501777,-0.218589194
10/02/2006,4798.5,3472.196,5549.574,1090.541,0.822440017,-0.00027517,0,-0.065063094
10/03/2006,4740.129,3485.363,5530.16,1072.439,-0.531533822,0.164378405,-0.15219502,-0.726939894
10/04/2006,4870.043,3471.824,5459.453,1080.15,1.174263491,-0.169031547,-0.558856507,0.311147095
10/05/2006,4920.188,3502.508,5554.691,1109.057,0.444890161,0.38214349,0.751077319,1.146979732
10/06/2006,4916.539,3492.528,5569.023,1102.596,-0.032220893,-0.123923933,0.111910679,-0.253745468
10/09/2006,4976.734,3461.052,5543.078,1119.865,0.528494037,-0.393177226,-0.202802167,0.674925891
10/10/2006,5037.688,3494.884,5536.609,1116.354,0.528683787,0.422464116,-0.05071355,-0.136373868
10/11/2006,4980.277,3515.089,5539.641,1116.763,-0.497776813,0.250356009,0.023776655,0.015908387
10/12/2006,4987.223,3531.002,5636.355,1116.739,0.060528918,0.196163797,0.751671798,-0.000933339
10/13/2006,5078.359,3554.878,5741.477,1136.662,0.786461101,0.29267372,0.802529052,0.767965792
10/16/2006,5130.68,3572.518,5823.172,1135.789,0.445152977,0.214972489,0.613598872,-0.033368297
10/17/2006,5076.301,3583.964,5812.414,1134.304,-0.462756286,0.138921299,-0.080307797,-0.056819469
10/18/2006,5088.34,3606.352,5800.531,1146.038,0.102875718,0.270447538,-0.088878801,0.44695545
10/19/2006,5086.918,3614.089,5750.527,1156.186,-0.012138597,0.093072922,-0.376010525,0.382868821
10/20/2006,5034.5,3648.899,5743.359,1144.222,-0.449839176,0.416299922,-0.054168333,-0.451741259
10/23/2006,5121.301,3627.916,5703.863,1139.672,0.742395667,-0.25046195,-0.299687783,-0.173041525
10/24/2006,5123.93,3641.358,5703.863,1143.915,0.022288618,0.160615574,0,0.161387642
10/25/2006,5104.418,3661.594,5706.379,1151.631,-0.165695657,0.240680909,0.019152704,0.291959198
10/26/2006,5132.176,3689.558,5755.598,1156.497,0.235530994,0.330415409,0.372984023,0.183116368
10/27/2006,5091.926,3640.238,5850.191,1152.837,-0.34194579,-0.584456296,0.707959237,-0.137660393
10/30/2006,5031.012,3642.08,5931.996,1129.542,-0.52267303,0.021970215,0.603080413,-0.886552258
10/31/2006,5083.672,3684.581,5889.098,1142.061,0.452216877,0.503862723,-0.315206807,0.478691714
11/01/2006,5143.566,3723.738,5940.727,1158.745,0.50867949,0.45910084,0.379081384,0.629857201
11/02/2006,5134.09,3762.969,5972.676,1144.084,-0.080083935,0.455152386,0.232936092,-0.552996113
11/03/2006,5188.391,3759.595,5989.637,1151.782,0.456921978,-0.038957719,0.123154672,0.291237507
11/06/2006,5307.777,3798.857,6007,1156.541,0.987997089,0.451188241,0.125712904,0.179074624
11/07/2006,5292.98,3812.194,6023.449,1175.011,-0.121241523,0.152204773,0.118760561,0.688089897
11/08/2006,5293.301,3799.949,5985.855,1171.326,0.002633758,-0.13972256,-0.271904518,-0.136414887
11/09/2006,5241.516,3880.532,6048.441,1186.051,-0.426967472,0.911350122,0.451725626,0.542558057
11/10/2006,5203.48,3878.657,6091.637,1193.269,-0.316302619,-0.020989363,0.309056723,0.263499419
11/13/2006,5187.336,3906.95,6107.77,1195.829,-0.134951014,0.315647781,0.114865861,0.093072306
11/14/2006,5305.211,3926.972,6101.578,1195.568,0.975828192,0.22199514,-0.044050701,-0.009479886
11/15/2006,5321.867,3987.698,6094.039,1200.716,0.136135536,0.666445581,-0.053693823,0.186601541
11/16/2006,5316.383,4025.649,6161.66,1207.381,-0.044775619,0.411364517,0.479250105,0.240403947
11/17/2006,5273.164,4035.951,6115.945,1191.178,-0.354498213,0.110997921,-0.32341591,-0.586767349
11/20/2006,5285.379,4003.299,6098.332,1186.016,0.100485634,-0.35278568,-0.125250705,-0.188611585
11/21/2006,5315.543,4012.943,6200.137,1200.912,0.24715009,0.104496296,0.719022175,0.542063656
11/22/2006,5378.488,4133.5,6251.215,1207.917,0.511256828,1.285495092,0.356315009,0.2525909
11/23/2006,5394.977,4148.648,6263.215,1219.76,0.132939352,0.158864588,0.083288418,0.42372938
11/24/2006,5349.293,4147.184,6266.539,1228.358,-0.369321111,-0.015328351,0.023042669,0.305057134
11/27/2006,5225.871,4123.652,6286.391,1230.136,-1.01377014,-0.247129681,0.137364285,0.06281697
11/28/2006,5209.875,3954.467,6195.453,1230.513,-0.133138158,-1.819405181,-0.632832303,0.013307792
11/29/2006,5326.789,4052.659,6206.59,1263.398,0.96381908,1.065210704,0.077999067,1.14539788
11/30/2006,5339.117,4117.715,6238.039,1277.968,0.100394374,0.691622169,0.219502827,0.497979428
12/01/2006,5258.703,4109.246,6330.707,1288.65,-0.659079447,-0.089414336,0.640412819,0.361499876
12/04/2006,5407,4114.316,6348,1304.485,1.207772607,0.053550355,0.118470427,0.530411151
12/05/2006,5502.254,4201.977,6385.172,1322.347,0.758426523,0.915602629,0.253568244,0.590634468
12/06/2006,5518.695,4224.586,6354.605,1325.326,0.12957579,0.233048456,-0.208404039,0.097728368
12/07/2006,5498.961,4195.75,6377.484,1329.603,-0.155575314,-0.297455224,0.156081758,0.139926838
12/08/2006,5516.938,4159.988,6293.066,1330.396,0.141746376,-0.371752539,-0.578709118,0.025894411
12/11/2006,5547.121,4210.348,6099.594,1324.697,0.236953597,0.522591543,-1.356135799,-0.186437767
12/12/2006,5492.477,4211.602,5911.828,1328.991,-0.429939233,0.012932997,-1.357913843,0.140548711
12/13/2006,5534.574,4167.816,6006.871,1325.098,0.331595159,-0.453878569,0.692651528,-0.12740414
12/14/2006,5609.023,4231.992,6166.02,1328.488,0.58030223,0.663630049,1.135662367,0.110963737
12/15/2006,5590.977,4277.145,6234.945,1339.042,-0.139951518,0.460913552,0.482769775,0.343656332
12/18/2006,5581.766,4366.152,6283.203,1351.877,-0.071607973,0.894487727,0.334846447,0.414298011
12/19/2006,5553.66,4326.523,6133.434,1336.695,-0.219233761,-0.395983406,-1.047739496,-0.490485574
12/20/2006,5553.16,4423.68,6105.496,1354.865,-0.00391016,0.964468667,-0.198274527,0.586370032
12/21/2006,5521.68,4430.234,6152.402,1354.063,-0.246895253,0.064296232,0.332375362,-0.025715278
12/22/2006,5527.805,4461.555,6208.695,1345.164,0.048148017,0.305958536,0.395562114,-0.286363511
12/25/2006,5527.926,4462.195,6208.695,1344.208,0.000950632,0.00622941,0,-0.030876022
12/26/2006,5586.891,4460.707,6327.59,1347.17,0.460797769,-0.014484754,0.823800523,0.095592724
12/27/2006,5694.297,4687.988,6431.238,1365.33,0.826991672,2.158279364,0.705625073,0.581522996
12/28/2006,5728.836,4747.82,6443.594,1391.634,0.262627474,0.550775423,0.083358669,0.82873978
12/29/2006,5746.477,4752.879,6428.918,1400.515,0.133528297,0.046251249,-0.099028202,0.276273387
1/01/2007,5746.477,4752.879,6428.918,1400.515,0,0,0,0
1/02/2007,5864.563,4864.809,6503.035,1406.774,0.883398325,1.01090358,0.4978205,0.193656846
1/03/2007,5769.418,4927.633,6505.449,1404.661,-0.710365089,0.557256114,0.01611851,-0.065280856
1/04/2007,5706.066,4761.262,6465.93,1393.669,-0.479521448,-1.491627476,-0.264627789,-0.341188459
1/05/2007,5475.191,4729.996,6455.785,1376.36,-1.79375167,-0.286130677,-0.06819402,-0.542759735
1/08/2007,5550.055,4662.859,6338.797,1383.396,0.589801294,-0.620849043,-0.794221473,0.221447302
1/09/2007,5456.027,4606.73,6307.5,1293.758,-0.742077609,-0.5259524,-0.214958452,-2.909346732
1/10/2007,5462.531,4495.156,6195.988,1278.598,0.051740379,-1.064799094,-0.774669122,-0.511902752
1/11/2007,5539.332,4444.891,6310.293,1307.387,0.606348076,-0.488365266,0.793895693,0.967014148
1/12/2007,5592.145,4510.152,6521.43,1295.199,0.412102843,0.633006317,1.429331209,-0.406766181
1/15/2007,5584.129,4648.09,6589.746,1333.405,-0.062298136,1.308335001,0.452583816,1.262557887
1/16/2007,5533.848,4668.73,6587.906,1325.805,-0.392821639,0.192423011,-0.012128137,-0.248242677
1/17/2007,5577.133,4621.047,6613.434,1313.322,0.338377534,-0.445837304,0.167963,-0.410843317
1/18/2007,5548.699,4637.824,6623.391,1306.868,-0.22198351,0.157387796,0.065336982,-0.213949542
1/19/2007,5670.387,4622.027,6612.313,1311.87,0.94215339,-0.148178552,-0.072699048,0.165907673
1/22/2007,5678.141,4725.125,6638.078,1341.128,0.059347255,0.958082384,0.168894811,0.95794291
1/23/2007,5734.945,4703.285,6552.078,1357.636,0.432308448,-0.201200594,-0.566329234,0.531311573
1/24/2007,5810.965,4734.707,6579.457,1370.19,0.571900242,0.28918125,0.181099405,0.399744809
1/25/2007,5815.746,4665.109,6659.16,1384.473,0.035717101,-0.643131306,0.52293969,0.450369695
1/26/2007,5760.379,4544.641,6656.902,1374.908,-0.41543722,-1.136221327,-0.014728633,-0.301085161
1/29/2007,5644.211,4547.055,6630.902,1358.985,-0.884781765,0.023062516,-0.169955411,-0.505897578
1/30/2007,5703.574,4604.512,6630.902,1367.287,0.454383979,0.545340179,0,0.264502143
1/31/2007,5780.98,4532.711,6590.027,1379.29,0.585438629,-0.682557927,-0.268541545,0.379590294
2/01/2007,5856.035,4527.707,6665.676,1414.713,0.560219684,-0.047971513,0.495700604,1.10127568
2/02/2007,5907.805,4545.789,6741.777,1414.971,0.382248832,0.173095866,0.493018313,0.007919469
2/05/2007,5944.223,4547.395,6806.871,1420.399,0.266894176,0.015340654,0.417313706,0.166281884
2/06/2007,5973.883,4570.199,6783.086,1433.428,0.216161879,0.217243102,-0.152019683,0.396552567
2/07/2007,5913.766,4648.691,6855.801,1420.969,-0.439257652,0.73955685,0.46308797,-0.379128013
2/08/2007,5901,4694.09,6859.008,1394.014,-0.093852143,0.422073264,0.020310635,-0.831746804
2/09/2007,5824.941,4683.113,6795.285,1393.231,-0.563408383,-0.101677498,-0.405363327,-0.024400624
2/12/2007,5734.875,4692.031,6606.742,1362.321,-0.676757456,0.082623571,-1.222032863,-0.974367787
2/13/2007,5892.766,4596.418,6535.902,1385.104,1.179523948,-0.89413561,-0.468181578,0.720293219
2/14/2007,6022.664,4627.309,6510.586,1408.917,0.946943914,0.290898484,-0.168545173,0.74030259
2/15/2007,6044.332,4699.641,6690.004,1408.469,0.155967615,0.673618241,1.180629745,-0.013811663
2/16/2007,6014.172,4731.367,6705.441,1416.917,-0.217246665,0.29219525,0.100096815,0.259711821
2/19/2007,6012.016,4731.547,6701.609,1420.37,-0.015571666,0.001652197,-0.024825991,0.105707994
2/20/2007,6010.867,4731.125,6615.563,1417.915,-0.00830091,-0.003873584,-0.56122761,-0.075129398
2/21/2007,6046.906,4757.785,6577.438,1422.619,0.259609887,0.244039017,-0.251004653,0.143840779
2/22/2007,6121.074,4780.469,6473.449,1434.339,0.529441239,0.206569349,-0.692103221,0.356320246
2/23/2007,6008.715,4755.457,6322.461,1442.158,-0.804602445,-0.227824723,-1.024957175,0.23610363
2/26/2007,6046.289,4712.504,6336.465,1467.483,0.270729627,-0.394052719,0.096088126,0.756023544
2/27/2007,5622.52,4598.734,6270.789,1401.469,-3.155789276,-1.061344201,-0.45248525,-1.998958312
2/28/2007,5660.691,4449.723,5999.902,1378.003,0.293843976,-1.430531331,-1.9178031,-0.73333327
3/01/2007,5609.426,4350.117,6094.465,1332.447,-0.395102556,-0.983203871,0.679143042,-1.460021971
3/02/2007,5493.879,4332.07,5967.16,1329.349,-0.903933308,-0.180547224,-0.916790435,-0.101093015
3/05/2007,5294.195,4092.406,5694.383,1274.782,-1.607915653,-2.471675286,-2.03210088,-1.820309062
3/06/2007,5576.496,4220.406,5828.055,1306.885,2.256146148,1.337551906,1.007696748,1.080145072
3/07/2007,5545.418,4232.035,5778.23,1312.965,-0.242710725,0.119501898,-0.372881684,0.201577586
3/08/2007,5667.609,4361.816,6017.695,1328.816,0.94655935,1.311809047,1.763534748,0.521169957
3/09/2007,5769.617,4367.68,5967.203,1358.073,0.774710341,0.058347085,-0.365935976,0.945826632
3/12/2007,5797.133,4449.277,5974.113,1357.511,0.206627955,0.803863251,0.050262052,-0.017975765
3/13/2007,5617.445,4415.832,6038.469,1351.502,-1.367443527,-0.327690226,0.465340808,-0.192666467
3/14/2007,5632.305,4300.855,5836.695,1327.564,0.114733567,-1.145774144,-1.47598415,-0.776122573
3/15/2007,5665.156,4354.953,5845.215,1350.916,0.252570878,0.542867143,0.063349052,0.757287843
3/16/2007,5599.234,4364.836,5800.504,1358.421,-0.508325576,0.098445827,-0.333475949,0.240604135
3/19/2007,5749.828,4423.219,5908.813,1384.538,1.152623576,0.577051185,0.803451518,0.827049312
3/20/2007,5825.07,4446.863,5996.777,1375.075,0.564629523,0.231530736,0.641765338,-0.297849357
3/21/2007,6000.637,4479.93,6133.313,1393.503,1.289620688,0.321747829,0.977722932,0.578152171
3/22/2007,6026.871,4532.152,6267.086,1423.464,0.189454033,0.503323878,0.937052583,0.923858011
3/23/2007,6013.375,4569.906,6273.27,1441.764,-0.097360814,0.360280014,0.042832553,0.554768911
3/26/2007,6032.414,4614.969,6250.125,1448.266,0.137285146,0.426152109,-0.160527672,0.195415791
3/27/2007,5964.996,4610.594,6273.887,1436.348,-0.488098241,-0.041190733,0.164798914,-0.358866114
3/28/2007,5832.98,4575.156,6183.902,1449.713,-0.971966945,-0.335097389,-0.627409384,0.402235936
3/29/2007,5982.082,4640.242,6114.113,1463.811,1.096187454,0.613472379,-0.492913742,0.420297303
3/30/2007,6073.414,4648.813,6211.133,1453.041,0.658052435,0.080144623,0.683736794,-0.320713758
4/02/2007,6024.633,4654.465,5911.539,1452.573,-0.35022899,0.052769201,-2.147026988,-0.013990146
4/03/2007,6159.926,4691.992,6047.082,1454.531,0.964489864,0.348749405,0.98452987,0.058501431
4/04/2007,6201.77,4782.07,6105.973,1465.957,0.294016091,0.825866608,0.420902177,0.339824993
4/05/2007,6226.836,4782.188,6176.035,1469.329,0.175177172,0.00107163,0.495486895,0.09978187
4/06/2007,6226.836,4782.082,6176.035,1475.604,0,-0.00096265,0,0.185077351
4/09/2007,6284.668,4781.996,6342.551,1492.807,0.401491257,-0.000781033,1.155421953,0.503383906
4/10/2007,6303.469,4842.871,6375.625,1504.059,0.129728118,0.549369235,0.225879687,0.326120986
4/11/2007,6238.117,4894.629,6356.914,1500.168,-0.452610537,0.461687815,-0.127642883,-0.112497543
4/12/2007,6259.941,4901.156,6318.586,1483.278,0.151672402,0.057874698,-0.262643519,-0.4917342
4/13/2007,6368.375,4899.535,6501.84,1502.381,0.745838879,-0.014366158,1.24163771,0.55575273
4/16/2007,6486.41,4989.051,6729.148,1506.212,0.797576777,0.786307907,1.492380223,0.110602069
4/17/2007,6478.578,4994.535,6679.785,1493.926,-0.052470466,0.047711738,-0.319759601,-0.35570176
4/18/2007,6458.633,4994.867,6678.262,1480.292,-0.133908465,0.002886775,-0.009903102,-0.398169364
4/19/2007,6495.82,4837.227,6636.984,1453.965,0.249337479,-1.39274603,-0.269268252,-0.77934398
4/20/2007,6603.273,4905.488,6823.848,1493.034,0.712527069,0.608574935,1.205857376,1.151574551
4/23/2007,6581.984,4920.32,6852.285,1485.152,-0.14024305,0.131113098,0.18060734,-0.229879336
4/24/2007,6510.465,4928.977,7028.652,1470.286,-0.474481375,0.076344297,1.103662339,-0.43690825
4/25/2007,6620.367,4895.492,7139.246,1475.689,0.727005672,-0.296044642,0.678030566,0.159301808
4/26/2007,6574.352,4938.559,7146.855,1466.63,-0.302911212,0.380390137,0.046262406,-0.267427573
4/27/2007,6546.742,4881.57,6971.734,1433.004,-0.182772692,-0.504072524,-1.077416229,-1.007316161
4/30/2007,6497.141,4843.082,6955.355,1429.671,-0.330293432,-0.343769901,-0.102150745,-0.101129479
5/01/2007,6493.945,4842.34,6955.777,1428.843,-0.021368578,-0.006654258,0.002634901,-0.025159635
5/02/2007,6607.516,4834.793,6951.98,1439.194,0.752961736,-0.067739508,-0.023713618,0.313482825
5/03/2007,6727.559,4911.371,7062.992,1445.455,0.781929173,0.682485689,0.688020031,0.188523597
5/04/2007,6753.672,5007.305,7061.223,1457.013,0.168244962,0.840130398,-0.010878721,0.345885099
5/07/2007,6735.82,5055.121,7036.402,1460.314,-0.114949171,0.412750986,-0.152928376,0.098282208
5/08/2007,6749.164,5025.859,6977.238,1438.292,0.085950824,-0.252125504,-0.366710596,-0.659918395
5/09/2007,6911.41,5067.664,6964.555,1441.019,1.031667571,0.359751192,-0.0790165,0.082264223
5/10/2007,6788.574,5118.129,6908.586,1417.068,-0.778810057,0.430341562,-0.350420424,-0.72790161
5/11/2007,6858.5,5045.289,6919.215,1401.019,0.445058651,-0.62251797,0.066765742,-0.494666594
5/14/2007,6806.805,5297.926,7067.531,1409.654,-0.328583377,2.121983972,0.92108965,0.266850299
5/15/2007,6871.715,5260.918,7045.648,1400.612,0.412182991,-0.304435523,-0.134678002,-0.27946851
5/16/2007,7169.617,5298.973,7171.004,1415.095,1.843081722,0.313017399,0.765902268,0.446775354
5/17/2007,7171.828,5296.578,7251.645,1399.91,0.013390912,-0.019633435,0.485657056,-0.468548061
5/18/2007,7233.75,5268.504,7283.375,1419.012,0.373362992,-0.230805818,0.189613579,0.588595227
5/21/2007,7354.609,5291.23,7354.996,1419.556,0.71960935,0.186932581,0.424976977,0.016646154
5/22/2007,7330.523,5274.344,7417.125,1410.296,-0.142462816,-0.138818825,0.365315732,-0.284225554
5/23/2007,7291.262,5284.949,7365.73,1380.164,-0.233225651,0.087234903,-0.301980299,-0.937957898
5/24/2007,7012,5280.23,7288.383,1358.688,-1.696079678,-0.038796045,-0.458460874,-0.681095543
5/25/2007,7213.543,5176.609,7349.008,1374.052,1.230671755,-0.860747719,0.359753368,0.488342888
5/28/2007,7285.648,5188.82,7400.844,1357.167,0.431955987,0.102324224,0.305252981,-0.536987752
5/29/2007,7284.195,5172.848,7471.836,1329.873,-0.008662137,-0.133888809,0.414608101,-0.882312231
5/30/2007,7316.5,5074.332,7325.941,1326.783,0.192181347,-0.835083866,-0.856391424,-0.101027047
5/31/2007,7364.859,5229.16,7459.07,1361.294,0.286105977,1.305305188,0.782126611,1.115203205
6/01/2007,7632.184,5282.148,7502.395,1411.647,1.548439528,0.437863507,0.251524313,1.577417918
6/04/2007,7561.332,5305.922,7459.426,1400.77,-0.405052467,0.195029583,-0.249451599,-0.335927754
6/05/2007,7498.145,5355.035,7472.93,1404.589,-0.364447271,0.400145236,0.078550421,0.118243095
6/06/2007,7220.883,5364.633,7308.352,1395.926,-1.636352643,0.077770311,-0.96714576,-0.268686659
6/07/2007,7209.492,5351.098,7272.281,1377.356,-0.068564392,-0.109711208,-0.214880495,-0.581619112
6/08/2007,7204.836,5283.957,7117.004,1368.126,-0.028056461,-0.548362998,-0.937344171,-0.292010887
6/11/2007,7337.113,5314.598,7193.371,1376.534,0.790110812,0.251114502,0.463524982,0.266084646
6/12/2007,7235.219,5326.383,7216.094,1374.03,-0.607352662,0.096197194,0.136972215,-0.079072778
6/13/2007,7395.879,5321.656,7125.273,1388.289,0.953811614,-0.038559403,-0.550067318,0.448366754
6/14/2007,7530.402,5433.988,7242.039,1436.305,0.782836374,0.907187736,0.705935056,1.476678975
6/15/2007,7730.113,5527.852,7251.211,1452.342,1.136768153,0.743773191,0.054968341,0.48222245
6/18/2007,7763.777,5734.5,7228.133,1467.116,0.188721005,1.593915014,-0.138440755,0.439555661
6/19/2007,7768.133,5735.547,7320.992,1460.706,0.024360002,0.007928587,0.554379716,-0.190164025
6/20/2007,7668.949,5770.078,7394.852,1475.134,-0.558080298,0.260684105,0.43595542,0.426865989
6/21/2007,7682.438,5887.281,7456.711,1462.432,0.07632144,0.873308119,0.361782497,-0.375579162
6/22/2007,7607.5,5910.344,7441.711,1467.345,-0.4257103,0.169799369,-0.087451133,0.145655508
6/25/2007,7510.336,5846.461,7424.188,1455.885,-0.558259398,-0.47197019,-0.102383929,-0.340516501
6/26/2007,7444.133,5799.266,7409.582,1471.926,-0.384524324,-0.352002761,-0.085525221,0.47589052
6/27/2007,7473.781,5759.148,7362.254,1458.378,0.1726244,-0.301479009,-0.278291196,-0.401587246
6/28/2007,7573.211,5836.719,7432.902,1467.624,0.573968922,0.581054608,0.414761017,0.274470089
6/29/2007,7631.328,5820.934,7542.426,1475.153,0.332006322,-0.117611025,0.63526511,0.222226169
7/02/2007,7793.141,5821.594,7568.375,1495.632,0.911241368,0.00492392,0.149158454,0.598768176
7/03/2007,7840.555,6011.473,7656.691,1524.26,0.263427173,1.393898654,0.503847821,0.823430433
7/04/2007,7843.723,6037.109,7703.09,1525.298,0.017544256,0.184811626,0.262385134,0.029564789
7/05/2007,7854.906,6069.59,7695.965,1537.391,0.061874397,0.233033842,-0.040188809,0.342963354
7/06/2007,7960.598,6101.211,7741.512,1545.962,0.580470097,0.225668906,0.256270739,0.241448033
7/09/2007,7975.254,6245.93,7776.453,1558.88,0.079883043,1.018106807,0.19557602,0.361387052
7/10/2007,7914.219,6295.941,7771.934,1536.545,-0.333645982,0.346353689,-0.025244764,-0.626740147
7/11/2007,8014.719,6196.305,7727.559,1555.571,0.548023661,-0.692786271,-0.248677428,0.53445544
7/12/2007,8270.129,6232.664,7818.945,1603.815,1.362398349,0.254092807,0.510582864,1.326443284
7/13/2007,8311.063,6322.238,7931.555,1613.1,0.214429052,0.619712587,0.621018189,0.250702021
7/16/2007,8307.668,6263.629,7968.398,1608.281,-0.017744192,-0.40448146,0.201267768,-0.129935991
7/17/2007,8332.836,6284.969,7960.664,1600.054,0.131370202,0.147711373,-0.042172399,-0.222729144
7/18/2007,8347.18,6171.586,7949.969,1579.006,0.074694432,-0.790635472,-0.058385863,-0.575085958
7/19/2007,8463.023,6210.297,8063.555,1614.455,0.598574236,0.27155851,0.616111736,0.964216408
7/20/2007,8330.703,6362.98,8060.742,1607.183,-0.684386956,1.054818789,-0.015153162,-0.196061434
7/23/2007,8497.504,6448.223,8144.574,1621.94,0.860972609,0.577949017,0.449335265,0.396945442
7/24/2007,8180.629,6513.68,8160.254,1587.661,-1.650468029,0.438637067,0.083530345,-0.927700772
7/25/2007,8049.32,6476.816,8071.051,1585.809,-0.702750433,-0.246485966,-0.477358545,-0.050689842
7/26/2007,7736.133,6445.633,8155.695,1535.231,-1.723526552,-0.209598523,0.453088445,-1.407714703
7/27/2007,7474.395,6225.777,7809.84,1516.759,-1.494788223,-1.507201341,-1.881883943,-0.525715067
7/30/2007,7775.621,6273.457,7808.496,1514.932,1.71590387,0.331336486,-0.007474443,-0.052344128
7/31/2007,7782.469,6430.543,7996.012,1546.429,0.038231541,1.074072107,1.030604505,0.893684605
8/01/2007,7730.727,6182.434,7657.879,1518.75,-0.28970624,-1.708815785,-1.876493731,-0.784369443
8/02/2007,7820.777,6136.586,7682.953,1533.871,0.502956565,-0.323266385,0.141967653,0.430254563
8/03/2007,7586.566,6170.723,7791.703,1534.734,-1.320466232,0.24092267,0.610421355,0.024427787
8/06/2007,7479.746,5937.789,7636.551,1514.643,-0.615839018,-1.671129081,-0.873513348,-0.572283236
8/07/2007,7600.473,5881.117,7666.336,1521.307,0.695377038,-0.416494141,0.169059309,0.190658152
8/08/2007,7885.953,6113.734,7836.844,1551.476,1.601356381,1.684671984,0.955335222,0.852819822
8/09/2007,7536.668,6139.094,7726.277,1504.559,-1.967479991,0.179774396,-0.617092753,-1.333583891
8/10/2007,7262.945,5923.977,7580.617,1470.93,-1.606662906,-1.549091953,-0.82657192,-0.981721729
8/13/2007,7285.578,5946.801,7663.293,1491.77,0.135125675,0.167004209,0.471087571,0.610986349
8/14/2007,6959.141,5978.652,7626.629,1485.635,-1.990837627,0.231986935,-0.208281029,-0.178974672
8/15/2007,6685.926,5776.098,7626.629,1445.988,-1.739407038,-1.496872206,0,-1.174743353
8/16/2007,6192.824,5455.719,7195.848,1393.385,-3.327282796,-2.478255944,-2.525063946,-1.609355786
8/17/2007,6469.363,5294.398,7091.445,1429.737,1.897278282,-1.303540788,-0.634724211,1.11850254
8/20/2007,6634.199,5738.273,7282.168,1422.537,1.092697415,3.496462033,1.152595498,-0.219258522
8/21/2007,6665.168,5891.188,7039.375,1408.112,0.202260606,1.142167611,-1.472659245,-0.442637157
8/22/2007,6955.543,6076.348,7178.391,1442.687,1.851993925,1.343975629,0.849300878,1.053491882
8/23/2007,7038.941,6287.266,7113.824,1447.08,0.517628517,1.481919627,-0.392399395,0.132042281
8/24/2007,7198.426,6335.145,7219.758,1454.355,0.973021947,0.329472479,0.641952435,0.217788713
8/27/2007,7301.109,6728.336,7454.148,1477.8,0.615128772,2.61511116,1.387537066,0.694523388
8/28/2007,7033.758,6689.422,7471.285,1460.805,-1.620141006,-0.251907701,0.099729205,-0.502341554
8/29/2007,7129.223,6541.02,7503.348,1466.137,0.585477741,-0.97431171,0.185978585,0.158230723
8/30/2007,7208.184,6674.195,7576.813,1477.979,0.478366462,0.875341424,0.423147956,0.349370948
8/31/2007,7477.516,6856.641,7727.168,1510.111,1.593148684,1.171251998,0.85337858,0.934060769
9/03/2007,7518.988,6884.887,7787.996,1511.758,0.240204072,0.178540541,0.340536524,0.047340443
9/04/2007,7547.082,6886.188,7817.367,1505.061,0.161967697,0.008205854,0.163478136,-0.19281733
9/05/2007,7388.402,6882.266,7816.609,1500.169,-0.922855148,-0.02474211,-0.00421128,-0.14139154
9/06/2007,7429.652,6922.613,7925.836,1517.19,0.241795497,0.253859948,0.602669339,0.489978474
9/07/2007,7439.168,6949.391,7925.875,1495.423,0.05558944,0.167669388,0.000213699,-0.627591562
9/10/2007,7123.699,6950.277,7930.094,1505.349,-1.881880577,0.005536606,0.023111655,0.287314248
9/11/2007,7397.566,6917.551,7919.281,1515.736,1.638328777,-0.204974385,-0.059258197,0.298636719
9/12/2007,7434.828,6994.113,7952.852,1507.047,0.218207729,0.4780275,0.183714713,-0.24967688
9/13/2007,7612.426,7014.57,8030.098,1537.842,1.025215806,0.126840882,0.419794503,0.878492096
9/14/2007,7595.695,7153.504,8026.063,1538.434,-0.095556629,0.851777083,-0.02182811,0.016715167
9/17/2007,7490.066,7137.477,7971.891,1520.23,-0.608187304,-0.097410256,-0.294121243,-0.516957083
9/18/2007,7837.613,7158.93,8061.152,1544.682,1.969817082,0.130339413,0.483575829,0.692978721
9/19/2007,8104.094,7454.379,8422.93,1601.403,1.45206544,1.756335373,1.906608121,1.566155197
9/20/2007,8079.273,7570.359,8527.91,1600.046,-0.133218653,0.670500537,0.537941691,-0.036816932
9/21/2007,8189.852,7621.641,8636.25,1614.508,0.590377037,0.293201346,0.548259735,0.390773288
9/24/2007,8280.516,7920.156,8800.16,1634.138,0.478134704,1.668524732,0.816536265,0.524852781
9/25/2007,8305.41,7883.031,8813.109,1602.303,0.130367577,-0.204050136,0.063857314,-0.854408331
9/26/2007,8509.629,7885.293,8856.609,1642.583,1.054954983,0.012460096,0.213833046,1.078267794
9/27/2007,8739.094,8095.895,8957.961,1656.2,1.155578449,1.144703155,0.494169539,0.358545655
9/28/2007,8657.477,8211.629,9029.164,1686.039,-0.407506431,0.616445286,0.343837401,0.775483582
10/01/2007,8990.75,8210.52,9106.059,1655.044,1.640457524,-0.005865646,0.368291852,-0.805807197
10/02/2007,8957.289,8625.504,9106.059,1700.002,-0.161933507,2.141381758,0,1.163988816
10/03/2007,8762.254,8339.621,9411.078,1671.957,-0.956074827,-1.463816664,1.430891305,-0.722432841
10/04/2007,8783.547,8048.547,9410.355,1686.924,0.105409117,-1.542882978,-0.003336568,0.387041311
10/05/2007,9142.883,8407.008,9333.227,1715.131,1.74132327,1.89239762,-0.35741785,0.720177961
10/08/2007,9208.641,8371.852,9197.648,1731.864,0.311238007,-0.181991853,-0.635504392,0.421648807
10/09/2007,9347.465,8467.656,9584.426,1751.333,0.649830541,0.494166426,1.788932378,0.485494637
10/10/2007,9264.082,8658.035,9818.965,1750.666,-0.389145718,0.965613069,1.049960337,-0.016543376
10/11/2007,9181.641,9019.152,9914.316,1779.085,-0.388208256,1.774636905,0.419704513,0.699340071
10/12/2007,9119.543,8953.344,9707.785,1771.356,-0.294723251,-0.318043515,-0.914260773,-0.189084531
10/15/2007,9157.031,9256.609,10028.68,1774.132,0.1781609,1.446664846,1.412362448,0.068007661
10/16/2007,8845.125,9141.613,10074.23,1743.078,-1.505070967,-0.542908751,0.196808795,-0.766910779
10/17/2007,9174.363,9174.695,9798.734,1758.566,1.5871945,0.156880368,-1.20418935,0.384185074
10/18/2007,9200.355,9248.949,9409.641,1741.863,0.122866535,0.350074905,-1.759691393,-0.414467815
10/19/2007,8912.125,9249.609,9193.797,1732.052,-1.382331591,0.003098991,-1.007814413,-0.245306779
10/22/2007,8863.906,8886.57,9207.254,1700.707,-0.235612742,-1.738920841,0.063521392,-0.793142711
10/23/2007,9216.789,9202.168,9719.465,1745.674,1.69545035,1.515599153,2.351223603,1.133364435
10/24/2007,9147.176,9209.668,9748.734,1740.316,-0.329260991,0.035381684,0.130586037,-0.13350306
10/25/2007,9152.836,9226.504,9865.461,1772.274,0.026864538,0.07931998,0.51691635,0.790275325
10/26/2007,9468.324,9276.809,10143.16,1821.589,1.471743002,0.236144065,1.205589211,1.19195288
10/29/2007,9653.051,9560.867,10508.27,1843.583,0.839148991,1.309866181,1.535794686,0.521229972
10/30/2007,9615.43,9629.66,10498.87,1816.73,-0.169589014,0.311367669,-0.038866484,-0.637230693
10/31/2007,9798.969,9511.813,10561.36,1841.139,0.821167317,-0.534764994,0.257728827,0.579618973
11/01/2007,9559.918,9598.43,10513.7,1822.431,-1.07262166,0.393689842,-0.196426585,-0.443548331
11/02/2007,9517.453,9315.059,10657.4,1835.84,-0.193342632,-1.3014592,0.589568567,0.318373395
11/05/2007,9426.02,8758.359,10459.53,1832.62,-0.419238391,-2.676286729,-0.813909638,-0.076240635
11/06/2007,9741.387,8813.113,10386.4,1882.922,1.429244018,0.27065959,-0.304712582,1.175990789
11/07/2007,9555.172,8882.684,10307.42,1873.345,-0.8382288,0.341487383,-0.331507133,-0.221456423
11/08/2007,9386.578,8513.777,10182.95,1900.219,-0.77312157,-1.842194185,-0.527636144,0.61858907
11/09/2007,9370.684,8450.523,10096.09,1873.26,-0.073600061,-0.323868246,-0.372039795,-0.620559656
11/12/2007,8898.285,7942.773,9971.578,1846.444,-2.246498127,-2.691143729,-0.538932261,-0.626191901
11/13/2007,9144.336,7919.816,10098.68,1838.861,1.184586392,-0.125705903,0.550072004,-0.178723862
11/14/2007,9548.734,8442.691,10606.06,1851.28,1.87936199,2.776580271,2.128946886,0.292320729
11/15/2007,9493.781,8300.664,10530.06,1822.876,-0.250658602,-0.736805997,-0.312323386,-0.671498228
11/16/2007,9514.547,7948.902,10517.09,1805.255,0.094890648,-1.880569183,-0.053525538,-0.421857052
11/19/2007,9109.055,7856.297,10570.26,1774.052,-1.891479146,-0.508924952,0.219007951,-0.757221106
11/20/2007,9086.777,8012.484,10358.88,1803.562,-0.106345424,0.85492821,-0.87728678,0.716473093
11/21/2007,8667.234,7641.234,9965.734,1772.166,-2.052934819,-2.060367586,-1.680351108,-0.762667628
11/22/2007,8756.605,7431.594,9928.18,1765.696,0.445523774,-1.2081524,-0.163964862,-0.158846695
11/23/2007,8660.664,7495.527,10040.11,1787.315,-0.478456965,0.372019747,0.486882858,0.528516702
11/26/2007,8298.473,7858.148,10239.57,1808.035,-1.855300469,2.051803114,0.854324829,0.500573312
11/27/2007,8307.793,7739.98,10211.42,1795.604,0.048748165,-0.658036556,-0.119558001,-0.299626912
11/28/2007,8918.5,7776.059,10100.6,1815.238,3.080614969,0.201970862,-0.473896659,0.472301025
11/29/2007,9020.695,8115.828,10113.32,1817.091,0.494818242,1.85732873,0.054657647,0.044310289
11/30/2007,9252.223,8195.664,10351.06,1849.183,1.100609265,0.425131081,1.009107682,0.760321487
12/03/2007,9223.293,8203.957,10564.05,1840.578,-0.136008647,0.04392302,0.884562209,-0.202566551
12/04/2007,9104.113,8209.332,10598.84,1841.581,-0.564836573,0.028444426,0.142788803,0.02365989
12/05/2007,9367.68,8387.012,10710.51,1904.362,1.239440728,0.929944474,0.455181493,1.45586813
12/06/2007,9527.184,8453.637,10739.59,1895.762,0.733250608,0.343633085,0.117755081,-0.196569318
12/07/2007,9611.504,8342.008,10867.69,1920.516,0.382679812,-0.577299325,0.514953987,0.563411595
12/10/2007,9651.918,8159.102,10853.34,1960.339,0.182227259,-0.962823956,-0.057383344,0.891325042
12/11/2007,9465.098,8306.191,11059.88,1945.612,-0.848850867,0.7759551,0.818700662,-0.327494387
12/12/2007,9431.398,8067.316,11138.38,1960.772,-0.15490427,-1.267284468,0.307161543,0.337086031
12/13/2007,9118.535,7772.332,11028.09,1921.914,-1.465100283,-1.617772528,-0.43217286,-0.869314616
12/14/2007,9012.813,7621.246,11012.58,1882.208,-0.50647091,-0.852536339,-0.061122539,-0.906633539
12/17/2007,8498.176,7360.117,10503.13,1854.144,-2.553463909,-1.514126194,-2.057033543,-0.652415487
12/18/2007,8716.305,7370.961,10407.27,1882.084,1.10066974,0.063939519,-0.398191911,0.649554258
12/19/2007,8835.434,7500.559,10411.81,1882.572,0.589546846,0.756951826,0.01894125,0.011259234
12/20/2007,8791.711,7526.863,10461.32,1903.911,-0.215448351,0.152037971,0.206025259,0.489504802
12/21/2007,8986.668,7675.84,10461.32,1926.712,0.9525294,0.851190215,0,0.517015923
12/24/2007,9020.668,7884.32,10875.24,1940.318,0.16400016,1.163832917,1.685236307,0.30561103
12/25/2007,9020.668,7883.684,10875.24,1933.355,0,-0.00350344,0,-0.156130666
12/26/2007,9208.629,7881.746,11086.05,1930.844,0.895627716,-0.01067732,0.833798305,-0.056441896
12/27/2007,9195.656,7870.277,11086.88,1929.355,-0.061225994,-0.063241709,0.003251392,-0.033504206
12/28/2007,9258.508,7713.875,11134.69,1930.521,0.295828977,-0.87174209,0.186878346,0.026238531
12/31/2007,9129.516,7808.977,11188.46,1929.512,-0.609325208,0.532154666,0.209218318,-0.022704632
1/01/2008,9129.516,7808.977,11219.41,1929.512,0,0,0.119970553,0
1/02/2008,9001.176,7746.563,11369.24,1943.044,-0.614850054,-0.34850865,0.576141527,0.303515138
1/03/2008,9072.293,7525.855,11330.79,1946.423,0.341781426,-1.255321064,-0.147124376,0.075459256
1/04/2008,8763.453,7730.07,11544.68,1933.793,-1.504180601,1.162758016,0.812170888,-0.282724399
1/07/2008,8706.207,7575.484,11598.64,1929.158,-0.284627301,-0.877304144,0.202516948,-0.104218557
1/08/2008,8977.359,7588.176,11572.03,1934.006,1.331960395,0.072701008,-0.099751809,0.109001883
1/09/2008,8934.891,7755.793,11565.96,1933.248,-0.205933399,0.948881401,-0.022786487,-0.017024753
1/10/2008,9079.781,7710.711,11336.18,1949.052,0.698611491,-0.253178343,-0.871495282,0.353585653
1/11/2008,8914.27,7637.84,11447.63,1949.374,-0.798958959,-0.412386954,0.424885092,0.007174322
1/14/2008,9078.816,7462.102,11513.46,1976.167,0.794343027,-1.010937524,0.249027238,0.592847342
1/15/2008,8650.711,7247.578,11280.58,1954.833,-2.097741086,-1.266828312,-0.887442666,-0.471398089
1/16/2008,8354.148,6794.797,11010.04,1853.206,-1.514963865,-2.801641166,-1.054253303,-2.318596423
1/17/2008,8100.988,6926.508,10938.75,1808.756,-1.3364176,0.833785379,-0.282119994,-1.054371285
1/18/2008,8104.879,6922.609,10511.98,1808.431,0.020854668,-0.02445375,-1.728317092,-0.00780417
1/21/2008,7430.844,6479.105,9498.781,1686.351,-3.770839152,-2.875478451,-4.401665106,-3.035396857
1/22/2008,7842.391,5795.828,8975.629,1652.544,2.341034722,-4.839952951,-2.460298178,-0.879494283
1/23/2008,7557.859,6379.691,9503.637,1599.312,-1.60497058,4.168415556,2.482494659,-1.42198358
1/24/2008,8131.168,6235.25,9269.656,1683.177,3.175414879,-0.994577316,-1.082622205,2.219659217
1/25/2008,8171.355,6708.398,9989.949,1721.878,0.214114437,3.176494975,3.249965347,0.987258916
1/28/2008,8301.164,6381.664,9887.613,1672.861,0.684491539,-2.16848863,-0.447181126,-1.254252078
1/29/2008,8428.117,6403.082,9876.703,1705.151,0.659156192,0.145512909,-0.047946544,0.830298765
1/30/2008,8486.273,6140.676,9654.379,1684.749,0.298644284,-1.817288024,-0.988765057,-0.522763681
1/31/2008,8441.891,6085.066,9587.629,1637.905,-0.22772584,-0.395089029,-0.301312347,-1.224649859
2/01/2008,8724.543,6415.629,9854.406,1697.972,1.430294713,2.297394878,1.191923081,1.564181566
2/04/2008,8731.539,6794.461,10087.24,1736.828,0.034811069,2.491576832,1.01419027,0.982628758
2/05/2008,8684.289,6796.301,10074.11,1680.465,-0.235653046,0.011759486,-0.056566523,-1.432734031
2/06/2008,8403.492,6381.266,9810.766,1673.814,-1.427447672,-2.736575665,-1.150377132,-0.172227557
2/07/2008,8368.055,6382.191,9490.559,1629.347,-0.183526498,0.006294884,-1.441112392,-1.169361072
2/08/2008,8346.156,6382.434,9373.461,1624.467,-0.113802803,0.001653532,-0.539181664,-0.130269196
2/11/2008,8568.152,6139.906,8887.793,1665.989,1.140066437,-1.682461023,-2.310604559,1.096123621
2/12/2008,8868.652,6239.734,8883,1724.379,1.497045148,0.700435381,-0.023426906,1.496059568
2/13/2008,8975.266,6343.609,9012.961,1743.94,0.518971482,0.71703305,0.630782973,0.489881377
2/14/2008,8848.746,6605.684,9517.988,1747.389,-0.616559961,1.758138766,2.367766108,0.085805844
2/15/2008,8768.844,6730.965,9702.992,1728.803,-0.393938508,0.815953805,0.836052039,-0.464408995
2/18/2008,9045.023,6651.328,9651.844,1760.162,1.34673316,-0.516896737,-0.229537939,0.78071333
2/19/2008,9008.672,6791.113,9607.43,1787.125,-0.174890071,0.9032592,-0.200306505,0.660228938
2/20/2008,9227.031,6626.566,9293.078,1770.389,1.040120489,-1.065242906,-1.444764652,-0.408622767
2/21/2008,9378.496,6634.883,9413.719,1813.212,0.707121781,0.054474103,0.56016481,1.037988208
2/22/2008,9510.668,6537.664,9192.336,1815.235,0.6077824,-0.641067242,-1.033534007,0.04842721
2/25/2008,9620.582,6489.09,9352.316,1813.569,0.499032409,-0.323879885,0.749328214,-0.039877307
2/26/2008,9772.73,6537.086,9506.273,1835.325,0.681455468,0.320040084,0.709110963,0.517889679
2/27/2008,9942.641,6780.887,9548.453,1831.531,0.748585829,1.590230869,0.192273257,-0.08987066
2/28/2008,9945.145,6821.422,9529.125,1819.654,0.010936093,0.258841038,-0.087999081,-0.282545735
2/29/2008,9563.617,6782.816,9360.973,1789.635,-1.698894417,-0.246488157,-0.773203132,-0.722435176
3/03/2008,9755.688,6553.645,8776.93,1774.525,0.863572721,-1.492712328,-2.797835793,-0.368234251
3/04/2008,9655.594,6343.93,8592.891,1763.244,-0.447890636,-1.412453042,-0.920333183,-0.276970749
3/05/2008,9852.008,6269.074,8699.113,1787.372,0.874575963,-0.515498599,0.533566945,0.590253554
3/06/2008,9642.129,6360.906,8713.168,1786.488,-0.93518183,0.631558145,0.070111553,-0.021484688
3/07/2008,9332.234,6149.898,8295.395,1750.64,-1.41873176,-1.465106494,-2.133901726,-0.880325601
3/10/2008,8982.223,6101.934,8272.855,1734.988,-1.660178691,-0.340040689,-0.118165813,-0.3900372
3/11/2008,9329.73,6134.242,8427.598,1794.51,1.648524255,0.22933993,0.804839897,1.464940745
3/12/2008,9407.684,6245.457,8462.543,1805.034,0.361364566,0.780331739,0.179707704,0.253950398
3/13/2008,9334.656,5886.102,7980.203,1789.244,-0.338440322,-2.573643889,-2.548694939,-0.381581724
3/14/2008,9277.262,5787.516,8208.383,1788.123,-0.267849627,-0.733557903,1.22436732,-0.027218014
3/17/2008,8876.43,5377.965,7622.203,1712.236,-1.918148917,-3.187423317,-3.217710122,-1.883376548
3/18/2008,9258.711,5350.629,7663.941,1745.11,1.831219575,-0.221313243,0.237164168,0.825918325
3/19/2008,8853.426,5550.594,7738.555,1728.778,-1.943916665,1.593462282,0.420772087,-0.408357998
3/20/2008,8663.504,5264.922,7738.555,1667.955,-0.941778141,-2.29475204,0,-1.555489762
3/21/2008,8663.504,5267.547,7738.555,1673.761,0,0.021647783,0,0.150911466
3/24/2008,8819.23,5265.59,7849.309,1708.843,0.773708863,-0.016137914,0.61715525,0.900871951
3/25/2008,8982.828,5677.203,8412.145,1714.466,0.798241517,3.268738342,3.007532392,0.14267132
3/26/2008,9001.469,5745.102,8388.781,1712.486,0.090030612,0.516332008,-0.120789328,-0.050184722
3/27/2008,8911.945,5765.301,8352.809,1742.323,-0.434089257,0.152424259,-0.186630603,0.750163997
3/28/2008,8814.082,6028.246,8604.785,1743.923,-0.479541103,1.936898039,1.290747278,0.039863579
3/31/2008,8846.668,5892.949,8140.453,1752.971,0.16026427,-0.98582841,-2.409145029,0.2247426
4/01/2008,9079.719,5932.652,8108.367,1762.256,1.129267888,0.291619151,-0.171517573,0.229426643
4/02/2008,9286.223,6162.258,8198.363,1777.23,0.976670049,1.649100325,0.479374627,0.367463771
4/03/2008,9426.551,6300.328,8225.594,1763.324,0.651371288,0.962328245,0.144012602,-0.341151702
4/04/2008,9563.582,6300.73,8009.188,1772.907,0.626776443,0.00277098,-1.157878174,0.235383617
4/07/2008,9605.633,6459.246,8195.242,1810.679,0.19054037,1.079095539,0.997329453,0.915550998
4/08/2008,9650.008,6360,8110.602,1797.2,0.200168374,-0.672470929,-0.450869211,-0.324505481
4/09/2008,9544.336,6187.105,8216.289,1826.68,-0.478195349,-1.196962925,0.562261633,0.706606386
4/10/2008,9611.734,6251,8164.355,1832.155,0.305602352,0.44620125,-0.275382643,0.129973834
4/11/2008,9445.438,6404.672,8206.309,1799.094,-0.757964176,1.054739439,0.222598553,-0.790835694
4/14/2008,9366.707,6091.77,8206.309,1780.657,-0.363516638,-2.175339548,0,-0.447358387
4/15/2008,9428.344,6104.039,8388.02,1794.704,0.284848442,0.087380194,0.951159146,0.341255945
4/16/2008,9742.18,6092.02,8465.012,1840.932,1.42207298,-0.085597931,0.39681208,1.104491615
4/17/2008,9874.41,6224.207,8634.039,1822.463,0.585500631,0.932270721,0.858642793,-0.437902696
4/18/2008,9913.566,6173.195,8634.039,1847.712,0.171874647,-0.35740319,0,0.59755594
4/21/2008,9907.621,6318.977,8754.477,1843.646,-0.026051727,1.013677885,0.601620003,-0.095674387
4/22/2008,10002.36,6476.617,8830.871,1844.688,0.413309641,1.070144085,0.377333464,0.024538714
4/23/2008,9931.344,6656.152,8774.992,1832.389,-0.309445624,1.18750155,-0.275681151,-0.290524661
4/24/2008,9813.344,6907.555,8762.969,1791.811,-0.519100216,1.610112063,-0.059545387,-0.972547759
4/25/2008,9903.574,6804.41,8955.578,1816.068,0.397492799,-0.653387742,0.944234546,0.583990759
4/28/2008,9954.813,6813.137,8915.43,1825.853,0.224115527,0.055664775,-0.195132633,0.233370341
4/29/2008,9534.527,6865.652,9077.977,1803.05,-1.873395334,0.333466461,0.784678361,-0.54580392
4/30/2008,10219.58,6810.957,9015.742,1800.979,3.013389479,-0.347364808,-0.29876029,-0.049912138
5/01/2008,10404.64,6812.125,9022.422,1794.716,0.779401053,0.007447007,0.032166104,-0.151291424
5/02/2008,10731.13,6984.301,9131.379,1802.904,1.341839783,1.084033923,0.521323243,0.197686768
5/05/2008,10722.88,6990.453,9097.336,1820.239,-0.033401025,0.038237236,-0.162213346,0.415581295
5/06/2008,10708.83,7019.875,8951.359,1843.869,-0.056942151,0.18240588,-0.702526005,0.560164759
5/07/2008,10505.07,6783.691,8856.656,1884.307,-0.834307365,-1.48633215,-0.46191985,0.942159867
5/08/2008,10519.67,6697.203,8624.219,1939.737,0.060316565,-0.55725943,-1.155000036,1.259118845
5/09/2008,10471.41,6612.801,8456.168,1933.997,-0.199695191,-0.550800949,-0.85461737,-0.128705386
5/12/2008,10715.57,6611.773,8415.934,1957.147,1.00101133,-0.006751896,-0.207128161,0.516765038
5/13/2008,10753.57,6732.574,8357.039,1968.538,0.153738879,0.786320093,-0.304989207,0.252035623
5/14/2008,10685.37,6736.199,8401.191,2010.997,-0.276310149,0.023377297,0.228842955,0.926762004
5/15/2008,10915.09,6755.727,8524.66,2021.867,0.923775604,0.125718279,0.633620803,0.234116124
5/16/2008,11168.65,6818.758,8619.566,2080.699,0.997336033,0.403318612,0.480833292,1.245667448
5/19/2008,11264.39,6896.051,8620.578,2109.206,0.370699701,0.489518721,0.005098635,0.590973964
5/20/2008,11151.87,6724.195,8522.02,2098.503,-0.435998026,-1.096016529,-0.499383666,-0.220940368
5/21/2008,11006.1,6804.906,8466.77,2140.69,-0.571424367,0.518183104,-0.282478678,0.86441859
5/22/2008,10947.66,6679.961,8292.277,2070.378,-0.231215331,-0.804820351,-0.904396123,-1.450413614
5/23/2008,10855.02,6569.59,8197.711,2064.13,-0.369067316,-0.723566029,-0.498119734,-0.131259825
5/26/2008,10854.68,6360.258,7998.73,2057.438,-0.001360315,-1.406353373,-1.067156647,-0.141028911
5/27/2008,10792.11,6440.816,7932.438,2017.978,-0.251066153,0.546615959,-0.361435093,-0.841032956
5/28/2008,11090.34,6425.848,8089.84,2043.155,1.183849736,-0.101044416,0.853324593,0.538488755
5/29/2008,11011.64,6471.164,7982.711,2068.083,-0.309285595,0.305195804,-0.578952558,0.526664986
5/30/2008,11303.01,6552.551,8122.176,2082.898,1.134210713,0.542800347,0.752198933,0.310003831
6/02/2008,11125.38,6666.273,7927.348,2081.361,-0.68792581,0.747268525,-1.054447245,-0.032059036
6/03/2008,10943.55,6490.164,7835.648,2053.358,-0.715662722,-1.162742397,-0.505300557,-0.588273802
6/04/2008,10715.1,6396.609,7564.977,1995.906,-0.9161998,-0.630586634,-1.526730603,-1.232459086
6/05/2008,11114.02,6372.809,7705.641,2009.681,1.587494547,-0.161890239,0.800115973,0.298704288
6/06/2008,10863.99,6440.926,7677.938,2015.942,-0.988181679,0.461740716,-0.156417087,0.13509064
6/09/2008,10796.75,6441.703,7396.652,1994.984,-0.269631183,0.005238788,-1.620941447,-0.453861607
6/10/2008,10512.95,6117.945,7262.891,1976.131,-1.156844645,-2.239512906,-0.792565995,-0.412368586
6/11/2008,10286.93,6070.664,7406.977,1980.421,-0.943881432,-0.336937224,0.853146968,0.094179177
6/12/2008,10439.29,5978.809,7422.348,1974.873,0.638517773,-0.662151654,0.090031648,-0.121835058
6/13/2008,10419.53,5848.406,7361.133,1977.936,-0.082283289,-0.957716561,-0.3596648,0.067306276
6/16/2008,10507.21,6005.906,7468.785,2002.554,0.363928285,1.154101667,0.630529323,0.537200087
6/17/2008,10757.19,6020.871,7648.594,2035.611,1.021142719,0.108079168,1.033165065,0.711055313
6/18/2008,10500.55,6137.621,7515.285,2025.576,-1.048679223,0.834074476,-0.763615361,-0.21462464
6/19/2008,10522.73,5948.914,7352.633,2025.793,0.091637986,-1.356237648,-0.950256576,0.004652349
6/20/2008,10211.54,5912.105,7102.758,2005.929,-1.303718421,-0.269555203,-1.501587114,-0.427950905
6/23/2008,10124.47,5858.305,6960.895,1969.576,-0.371894502,-0.397016006,-0.876193516,-0.794281349
6/24/2008,10098.83,5778.121,6841.137,1928.825,-0.110123634,-0.598534635,-0.753679514,-0.907991717
6/25/2008,10371.78,5845.934,6919.508,1937.205,1.158223469,0.506727572,0.494692812,0.18827549
6/26/2008,10096.58,5797.996,7016.652,1930.275,-1.167900545,-0.357599651,0.605472189,-0.155639537
6/27/2008,10031.04,5674.949,6665.859,1945.321,-0.282832853,-0.931594847,-2.227381468,0.337208915
6/30/2008,10227.48,5728.371,6482.316,1936.999,0.842267668,0.406917451,-1.212592478,-0.186187857
7/01/2008,9857.523,5725.5,6181.891,1884.333,-1.600083984,-0.021771844,-2.060885495,-1.197174259
7/02/2008,9562.883,5612.973,6549.082,1874.545,-1.317895676,-0.862046586,2.505908494,-0.226178343
7/03/2008,9223.488,5431.262,6220.445,1837.964,-1.569365523,-1.429219981,-2.235897371,-0.855886983
7/04/2008,9203.199,5467.301,6432.598,1820.62,-0.095637423,0.287223112,1.456495688,-0.411769139
7/07/2008,9263.465,5661.285,6459.52,1837.96,0.283465212,1.51420342,0.181383587,0.411674623
7/08/2008,9337.086,5480.535,6389.914,1823.215,0.343789397,-1.409206305,-0.470523408,-0.349817026
7/09/2008,9309.813,5690.336,6709.953,1822.823,-0.127040124,1.631495554,2.1224465,-0.009338544
7/10/2008,9345.938,5764.32,6733.031,1829.568,0.168193795,0.561017105,0.149113588,0.160405587
7/11/2008,9366.137,5882.137,6521.793,1802.363,0.093761036,0.878705318,-1.384360374,-0.65062923
7/14/2008,9466.73,5838.34,6433.555,1836.915,0.463948482,-0.324575253,-0.591599223,0.824679721
7/15/2008,9490.746,5586.484,6079.316,1806.811,0.110035976,-1.915082358,-2.459629967,-0.717633465
7/16/2008,9700.645,5587.949,6023.168,1816.474,0.950026108,0.011387449,-0.402974158,0.231646008
7/17/2008,9481.406,5719.59,6294.684,1848.267,-0.99278679,1.011246443,1.914895612,0.753552345
7/18/2008,9434.094,5736.461,6527.574,1782.529,-0.217254457,0.127914715,1.577787098,-1.572810532
7/21/2008,9596.367,5881.664,6626.363,1797.822,0.740664943,1.085616574,0.652341945,0.371008647
7/22/2008,9475.992,5868.27,6779.758,1773.199,-0.548216321,-0.099012349,0.993896886,-0.598921289
7/23/2008,9487.18,6037.52,7316.805,1754.204,0.051245511,1.234849483,3.310728859,-0.467738074
7/24/2008,9237.004,6008.191,7239.594,1688.948,-1.160600883,-0.211485201,-0.460726938,-1.646381842
7/25/2008,9175.402,5848.895,6979.371,1609.356,-0.290603069,-1.166990548,-1.589792685,-2.096415506
7/28/2008,9113.898,5838.395,6957.816,1566.933,-0.292093722,-0.078035084,-0.134334497,-1.160169648
7/29/2008,9335.074,5732.605,6664.621,1552.229,1.041360121,-0.794145596,-1.869748238,-0.409463399
7/30/2008,9711.684,5848.215,6968.762,1609.563,1.717677784,0.867131223,1.938017534,1.575218708
7/31/2008,9621.746,5871.43,6949.582,1626.138,-0.404065485,0.172055716,-0.119694892,0.444941854
8/01/2008,9401.688,5893.504,7112.539,1612.728,-1.004805318,0.16296951,1.006597712,-0.359627245
8/04/2008,9016.43,5785.066,7098.359,1569.891,-1.817121945,-0.806526458,-0.086670072,-1.169162648
8/05/2008,9144.352,5593.855,7341.641,1511.578,0.611831997,-1.459711334,1.463518402,-1.643893728
8/06/2008,9271.309,5593.137,7391.422,1519.931,0.598812044,-0.00557475,0.29348542,0.239331039
8/07/2008,9129.5,5575.41,7440.176,1543.43,-0.66940628,-0.137864751,0.285521081,0.666306466
8/08/2008,8894.652,5474.039,7464.758,1444.672,-1.131803182,-0.796892246,0.143252384,-2.871768191
8/11/2008,8636.43,5422.52,7612.461,1479.998,-1.279470381,-0.410672473,0.850934778,1.049187295
8/12/2008,8475.957,5321.695,7420.93,1517.477,-0.814551253,-0.815118211,-1.106674567,1.08609888
8/13/2008,8439.652,5216.113,7317.785,1503.699,-0.186420547,-0.870298917,-0.607868944,-0.39612064
8/14/2008,8615.535,5293.625,7083.531,1532.369,0.895771173,0.640618144,-1.412984669,0.820244666
8/15/2008,8346.34,5244.211,7083.531,1525.518,-1.378617872,-0.407301553,0,-0.194602121
8/18/2008,8252.164,5158.922,6943.203,1512.292,-0.492822197,-0.71211955,-0.868993586,-0.378168161
8/19/2008,8265.969,5049.816,6901.734,1432.392,0.072592184,-0.92834076,-0.260164589,-2.357376797
8/20/2008,8634.883,5238.902,6956.699,1462.463,1.896268518,1.596472049,0.344499575,0.902300055
8/21/2008,8731.988,5129.715,6769.098,1468.415,0.485667282,-0.914703755,-1.18724112,0.176392488
8/22/2008,8713.844,5128.609,6867.637,1447.124,-0.090334951,-0.009364682,0.62765301,-0.634306602
8/25/2008,8442.254,5300.813,6848.609,1412.797,-1.375136617,1.434289347,-0.120495954,-1.042598216
8/26/2008,8359.297,5302.594,6860.09,1359.741,-0.428865884,0.014589244,0.072744118,-1.662357109
8/27/2008,8613.27,5461.055,6802.461,1369.234,1.299830556,1.27881744,-0.366375286,0.30214818
8/28/2008,8785.344,5345.523,6676.117,1423.889,0.85907102,-0.928634796,-0.81421214,1.699846023
8/29/2008,8623.684,5416.121,6897.699,1414.003,-0.806593729,0.569815572,1.418029966,-0.302580409
9/01/2008,8482.473,5321.5,6841.355,1425.236,-0.717034822,-0.765429175,-0.356211213,0.343645277
9/02/2008,8334.461,5316.777,7049.699,1424.379,-0.764496724,-0.038562128,1.302844769,-0.026122152
9/03/2008,8145.238,5155.516,7049.699,1364.612,-0.997374,-1.33763062,0,-1.861637611
9/04/2008,7726.75,5071.484,6983.16,1293.495,-2.290691789,-0.713707935,-0.411858155,-2.324443173
9/05/2008,7567.582,4957.98,6749.672,1258.183,-0.903972528,-0.983028914,-1.4769324,-1.202094139
9/08/2008,7502.859,5142.871,6963.328,1284.462,-0.373035063,1.59008604,1.35341838,0.897744757
9/09/2008,7077.969,5015.699,6890.195,1175.463,-2.531812871,-1.087416503,-0.458533954,-3.851229706
9/10/2008,7107.816,4846.375,6743.621,1140.303,0.182752051,-1.491445022,-0.933835868,-1.318869651
9/11/2008,7153.223,4632.461,6541.031,1103.457,0.276558758,-1.960524394,-1.324694701,-1.426485285
9/12/2008,7414.316,4615.117,6362.398,1169.63,1.556932755,-0.162905624,-1.202537447,2.529308499
9/15/2008,6817.457,4617.266,6076.066,1100.171,-3.644868445,0.020217941,-1.999835028,-2.658830607
9/16/2008,6759.469,4307.172,5930.031,940.874,-0.370982674,-3.019267995,-1.056551895,-6.792872551
9/17/2008,6211.828,4105.008,5879.332,882.645,-3.669315865,-2.087820714,-0.372897864,-2.774540209
9/18/2008,6419.867,4104.664,5896.137,905.81,1.430660891,-0.003639544,0.123958098,1.125104555
9/19/2008,7266.273,4666.004,6305.914,1123.926,5.378567973,5.566749437,2.918047751,9.370060703
9/22/2008,7221.746,4781.371,6341,1144.27,-0.266950109,1.060733637,0.240970964,0.779079398
9/23/2008,6895.91,4526.668,6109.016,1095.83,-2.005062477,-2.377379998,-1.61864906,-1.878532621
9/24/2008,6805.094,4535.691,6123.988,1115.119,-0.575745621,0.086481686,0.106306844,0.757802989
9/25/2008,7077.406,4529.672,6024.633,1124.785,1.703998134,-0.057670473,-0.71037347,0.374830039
9/26/2008,6902.039,4456.418,5787.469,1103.876,-1.089670096,-0.708083554,-1.744191854,-0.814922481
9/29/2008,6023.691,4223.734,5495.691,1002.777,-5.911472338,-2.32893601,-2.246637162,-4.171592691
9/30/2008,6459.926,4278.387,5609.238,1027.889,3.036485751,0.558350634,0.888156136,1.074185417
10/01/2008,6454.156,4277.262,5733.352,1001.075,-0.038808478,-0.011421256,0.950473865,-1.147960266
10/02/2008,5864.586,4401.398,5733.352,944.104,-4.160209901,1.242478836,0,-2.544677814
10/03/2008,5609.625,4263.25,5462,891.671,-1.930352938,-1.384984104,-2.105691036,-2.481519544
10/06/2008,4941.023,3973.15,5041.895,715.083,-5.511695441,-3.060583926,-3.475789877,-9.584818874
10/07/2008,4665.074,3971.566,4968.129,709.087,-2.495833834,-0.017317736,-0.640093304,-0.365693014
10/08/2008,4148.313,3542.073,4789.52,641.372,-5.098701966,-4.970427661,-1.590087287,-4.358952707
10/09/2008,4291.539,3667.617,4789.52,684.72,1.47415461,1.512646959,0,2.84030171
10/10/2008,4046.029,3396.549,4366.488,671.399,-2.558407233,-3.334609281,-4.015972015,-0.853232331
10/13/2008,4797.414,3803.566,4708.691,683.624,7.397820691,4.915307231,3.276792056,0.783661104
10/14/2008,5116.242,3993.88,4802.441,760.823,2.79438804,2.120405534,0.856184655,4.646633193
10/15/2008,4327.332,3753.846,4494.563,682.628,-7.273086231,-2.691856003,-2.877456579,-4.709953486
10/16/2008,4300.664,3523.139,4390.258,622.121,-0.268470271,-2.754667396,-1.019742933,-4.030923676
10/17/2008,4457.801,3372.799,4154.816,589.999,1.558516375,-1.89393175,-2.393824755,-2.302358586
10/20/2008,4873.301,3577.918,4243.16,617.029,3.870255915,2.56399226,0.913761294,1.945430055
10/21/2008,4565.164,3498.396,4431.996,628.473,-2.836685261,-0.976141526,1.890995142,0.798104848
10/22/2008,3812.041,3246.554,4201.563,578.69,-7.829882085,-3.244633687,-2.318847984,-3.584064694
10/23/2008,3801.656,3122.754,4008.317,557.074,-0.118474665,-1.688485757,-2.044881928,-1.653308829
10/24/2008,3497.754,2864.645,3563.049,470.83,-3.618355444,-3.746696346,-5.114026571,-7.304876224
10/27/2008,3401.414,2499.8,3474.457,465.366,-1.212976701,-5.916554614,-1.093485372,-0.506947689
10/28/2008,3961.341,2768.944,3678.669,497.135,6.618273403,4.44089088,2.480377135,2.867968981
10/29/2008,4243.063,2835,3698.249,565.508,2.983725118,1.02388907,0.230543594,5.596441305
10/30/2008,4551.168,3266.458,3698.249,689.653,3.044338706,6.152401519,0,8.619187665
10/31/2008,4526.82,3263.14,4026.805,689.868,-0.232964119,-0.044137149,3.69644507,0.013537063
11/03/2008,4532.488,3353.513,4300.383,691.966,0.054343697,1.186428731,2.854653717,0.13187554
11/04/2008,4926.695,3357.875,4504.629,713.687,3.621901401,0.056453085,2.015189205,1.342303027
11/05/2008,4611.285,3509.729,4330.773,729.856,-2.873371239,1.920905908,-1.709360789,0.972939658
11/06/2008,4338.355,3212.493,4163.719,665.868,-2.649687789,-3.843139416,-1.708400825,-3.984903837
11/07/2008,4406.098,3301.122,4264.027,683.553,0.672906577,1.181938489,1.033853373,1.138404943
11/10/2008,4432.984,3570.5,4523.219,699.762,0.264201134,3.406746251,2.562766943,1.017816109
11/11/2008,4344.352,3432.887,4163.176,591.528,-0.87711572,-1.706952938,-3.602284417,-7.297504799
11/12/2008,3929.401,3411.928,3940.526,549.784,-4.359865527,-0.265965011,-2.387057388,-3.178321009
11/13/2008,4116.605,3257.27,3940.526,538.253,2.021284586,-2.014609854,0,-0.920563763
11/14/2008,4172.684,3361.818,3883.16,538.508,0.587629936,1.37204388,-0.636891198,0.020570042
11/17/2008,4076.515,3355.4,3788.753,503.077,-1.012645186,-0.082989798,-1.068899213,-2.955769708
11/18/2008,3968.708,3183.314,3622.547,501.105,-1.163989809,-2.286482094,-1.948226441,-0.170572629
11/19/2008,3746.558,3149.595,3526.958,476.064,-2.501668637,-0.462476692,-1.161374085,-2.22633948
11/20/2008,3724.667,2995.639,3376.474,436.974,-0.254500907,-2.176523634,-1.893687814,-3.720974416
11/21/2008,3428.778,3076.627,3542.958,447.295,-3.594808402,1.158537103,2.090259417,1.013844635
11/24/2008,3882.001,3053.555,3540.161,521.794,5.391627577,-0.32691002,-0.034299063,6.690503741
11/25/2008,4005.343,3163.562,3491.104,529.399,1.358407016,1.537060343,-0.606022675,0.628403568
11/26/2008,4190.063,3268.214,3645.567,531.593,1.95808398,1.413413579,1.880229768,0.179613692
11/27/2008,4292.301,3355.199,3645.567,562.257,1.046961662,1.140779764,0,2.43556175
11/28/2008,4280.949,3412.688,3629.959,559.109,-0.11501155,0.737830167,-0.186336457,-0.243838786
12/01/2008,3957.63,3498.443,3530.651,510.304,-3.410486456,1.077821701,-1.204692948,-3.966751062
12/02/2008,3931.558,3333.831,3496.865,527.881,-0.28705025,-2.093122176,-0.417592402,1.470705819
12/03/2008,3995.159,3436.306,3510.952,520.28,0.696938117,1.314824981,0.174602579,-0.629889917
12/04/2008,3807.104,3421.722,3702.858,532.338,-2.093932737,-0.184710832,2.311216567,0.995033704
12/05/2008,3686.547,3505.739,3624.92,522.359,-1.397496563,1.053485791,-0.923863134,-0.821838682
12/08/2008,4224.629,3811.922,3698.926,578.104,5.916880081,3.636442545,0.877721662,4.403689255
12/09/2008,4130.898,3759.349,3698.926,577.801,-0.974410441,-0.603136006,0,-0.02276852
12/10/2008,4282.488,3986.208,3944.931,595.189,1.565168317,2.5447311,2.796376846,1.287660705
12/11/2008,4339.641,3968.605,3986.989,595.508,0.575764897,-0.19220812,0.4605626,0.023270394
12/12/2008,4429.789,3722.367,3996.572,569.703,0.892923671,-2.781868583,0.104260393,-1.923909372
12/15/2008,4308.246,3788.998,4101.086,592.012,-1.208254691,0.770518666,1.121123518,1.668200349
12/16/2008,4487.75,3827.012,4172.121,600.423,1.772816213,0.433544797,0.74580188,0.612681022
12/17/2008,4507.254,3992.54,4079.972,606.164,0.188337723,1.838945189,-0.969971273,0.413281999
12/18/2008,4480.07,4059.284,4300.719,579.334,-0.262723302,0.720016107,2.288388496,-1.966112295
12/19/2008,4393.551,3994.242,4302.426,568.786,-0.846912777,-0.701506293,0.017234179,-0.798011895
12/22/2008,4195.613,3859.407,4162.441,571.49,-2.002024963,-1.491379381,-1.436531867,0.205973726
12/23/2008,4077.767,3681.893,3983.336,593.033,-1.237301544,-2.044941695,-1.91011494,1.607022539
12/24/2008,4079.14,3669.285,4002.615,571.336,0.014620403,-0.148971776,0.209687727,-1.618727094
12/25/2008,4079.14,3669.23,4002.615,560.715,0,-0.000650982,0,-0.81494156
12/26/2008,4106.016,3669.728,3874.181,543.955,0.285202639,0.005893988,-1.416391168,-1.317920119
12/29/2008,4078.905,3733.411,3971.56,543.883,-0.287704689,0.747192717,1.07812211,-0.005748871
12/30/2008,4270.531,3729.796,4054.826,537.324,1.993828831,-0.042072387,0.901109458,-0.52692453
12/31/2008,4267.234,3777.733,3998.6,532.344,-0.03354201,0.554618105,-0.606426092,-0.404387557
1/01/2009,4267.234,3777.733,4109.926,532.344,0,0,1.192604074,0
1/02/2009,4584.52,3954.009,4152.539,554.846,3.1147413,1.98063936,0.447971758,1.798009593
1/05/2009,4720.086,4131.195,4290.547,569.783,1.265603987,1.903804145,1.419894376,1.153702806
1/06/2009,4953.832,4114.129,4324.77,580.58,2.099136266,-0.179778993,0.345035203,0.815258352
1/07/2009,4734.988,3948.123,3998.198,567.24,-1.962239151,-1.788723079,-3.409871818,-1.009522269
1/08/2009,4779.398,3726.428,3999.018,566.867,0.405431481,-2.509793979,0.008906136,-0.028567295
1/09/2009,4677.414,3713.526,3966.66,565.171,-0.936738629,-0.15062655,-0.352838218,-0.130130613
1/12/2009,4429.543,3551.933,3799.243,553.534,-2.364688923,-1.932170384,-1.87279048,-0.903556735
1/13/2009,4474.941,3460.255,3742.164,546.372,0.442839174,-1.135666024,-0.657425547,-0.565586703
1/14/2009,4187.273,3527.103,3892.004,507.037,-2.885603696,0.831003744,1.705046144,-3.244878264
1/15/2009,4274.945,3422.593,3729.256,488.912,0.899925486,-1.306288453,-1.85510808,-1.580895541
1/16/2009,4365.867,3462.688,3848.909,482.339,0.913996979,0.505810412,1.371544603,-0.587831819
1/19/2009,4316.859,3502.117,3863.615,455.411,-0.490263772,0.491728916,0.165620033,-2.49488623
1/20/2009,4103.051,3411.432,3734.201,438.673,-2.20609485,-1.139393214,-1.479615258,-1.626261164
1/21/2009,4225.688,3308.952,3622.312,456.396,1.279051296,-1.324625163,-1.321183631,1.720092475
1/22/2009,4197.43,3321.478,3607.647,443.519,-0.291396595,0.164091293,-0.176181838,-1.242960007
1/23/2009,4220.66,3273.444,3526.66,437.66,0.239690629,-0.632646453,-0.986044422,-0.577537338
1/26/2009,4329.285,3273.57,3526.66,477.219,1.103580819,0.001671635,0,3.758087033
1/27/2009,4310.984,3272.231,3678.852,476.401,-0.183976568,-0.017767736,1.834872453,-0.074506192
1/28/2009,4496.926,3272.67,3803.214,478.377,1.833933002,0.005826071,1.443844653,0.179762651
1/29/2009,4439.371,3423.171,3790.796,460.715,-0.559430031,1.95263789,-0.142034938,-1.633793865
1/30/2009,4334.453,3477.247,3868.256,456.072,-1.03871426,0.680694682,0.878479415,-0.439894222
2/02/2009,4227.73,3376.994,3717.457,441.759,-1.082705439,-1.27052521,-1.726925412,-1.384800387
2/03/2009,4380.797,3391.618,3741.792,445.179,1.544588533,0.187664247,0.283368841,0.33492634
2/04/2009,4490.383,3506.688,3757.266,455.589,1.073025599,1.44901957,0.179230041,1.003856009
2/05/2009,4537.938,3584.93,3720.613,450.296,0.457517297,0.958355279,-0.425744335,-0.507514056
2/06/2009,4816.836,3702.251,3815.73,484.584,2.590330203,1.398517913,1.096313738,3.187098138
2/09/2009,4794.398,3729.721,3938.962,525.074,-0.202777651,0.321048673,1.380415454,3.485144344
2/10/2009,4687.762,3763.831,3955.967,540.248,-0.97685293,0.395376908,0.187086903,1.237265387
2/11/2009,4613.023,3670.414,3947.185,546.694,-0.697993427,-1.091506216,-0.096517838,0.515113971
2/12/2009,4537.254,3574.613,3882.428,523.548,-0.719252777,-1.148602229,-0.718407131,-1.878780262
2/13/2009,4671.438,3666.456,3964.057,553.94,1.265749702,1.101744707,0.903648023,2.450622179
2/16/2009,4718.027,3652.834,3814.954,537.542,0.43098327,-0.161654102,-1.665058499,-1.305032385
2/17/2009,4442.258,3492.341,3636.607,480.152,-2.615664376,-1.951329392,-2.079293533,-4.903366064
2/18/2009,4345.094,3511.385,3602.597,466.417,-0.960460191,0.236180699,-0.408068732,-1.260437096
2/19/2009,4378.48,3542.762,3634.186,485.546,0.332419404,0.386352817,0.379146798,1.745600945
2/20/2009,4175.777,3452.032,3542.104,458.954,-2.05860724,-1.126716482,-1.114584262,-2.44612214
2/23/2009,4195.602,3557.427,3542.104,453.547,0.205698588,1.3061184,0,-0.514686066
2/24/2009,4185.93,3449.86,3517.419,466.053,-0.100232227,-1.333452576,-0.303720322,1.181300925
2/25/2009,4153.746,3495.696,3544.452,471.299,-0.335202543,0.573218641,0.332499421,0.486121039
2/26/2009,4205.988,3409.479,3523.491,488.662,0.542809321,-1.084563774,-0.257593286,1.571204987
2/27/2009,4156.957,3363.895,3461.195,478.011,-0.509249714,-0.584558849,-0.774709886,-0.957067742
3/02/2009,3875.173,3223.947,3295.6,460.293,-3.048443658,-1.845453773,-2.129157348,-1.64035204
3/03/2009,3871.413,3244.493,3229.282,463.925,-0.042159149,0.275894789,-0.882852235,0.34134061
3/04/2009,4136.438,3386.452,3273.158,489.099,2.875701512,1.859808274,0.586099799,2.294899845
3/05/2009,4053.357,3371.538,3170.812,479.992,-0.881166321,-0.191686535,-1.379647671,-0.81627758
3/06/2009,4052.088,3326.44,3220.407,491.428,-0.013598752,-0.584836454,0.674026885,1.022589849
3/09/2009,4015.927,3299.051,3158.625,492.621,-0.389305868,-0.3590665,-0.841269355,0.105302393
3/10/2009,4276.477,3366.998,3158.625,548.495,2.730033086,0.885382907,0,4.665975147
3/11/2009,4286.18,3433.547,3158.625,535.682,0.098426485,0.850013818,0,-1.026561952
3/12/2009,4356.641,3425.063,3242.646,530.882,0.70813688,-0.107443236,1.140147087,-0.390905297
3/13/2009,4376.113,3558.42,3421.13,548.893,0.193675355,1.658864228,2.327003803,1.448969181
3/16/2009,4428.648,3698.422,3503.73,559.594,0.518263502,1.675925732,1.036105442,0.838535703
3/17/2009,4498.238,3638.617,3471.437,567.753,0.677126721,-0.708011958,-0.402134369,0.628638839
3/18/2009,4538.898,3689.925,3532.348,558.939,0.390799315,0.608119469,0.755419481,-0.679502411
3/19/2009,4644.504,3738.072,3612.745,601.46,0.998891804,0.563012324,0.977382579,3.184233636
3/20/2009,4593.512,3645.897,3587.323,608.948,-0.479448599,-1.084326692,-0.306682665,0.537345848
3/23/2009,4818.566,3860.941,3772.112,655.745,2.077295665,2.488876985,2.181409715,3.215477938
3/24/2009,4745.207,3921.499,3759.052,626.871,-0.666264951,0.675894349,-0.150624568,-1.955680863
3/25/2009,4814.055,3854.937,3841.488,651.211,0.625588534,-0.743482369,0.942114741,1.654354869
3/26/2009,4931.793,4035.431,3975.022,662.986,1.049379212,1.9872641,1.484005575,0.778262981
3/27/2009,4796.055,4057.328,4013.229,627.266,-1.212068501,0.235019218,0.415440521,-2.405260978
3/30/2009,4543.25,3834.182,3764.859,592.234,-2.351751958,-2.456739408,-2.774522602,-2.49584114
3/31/2009,4648.297,3895.431,3857.428,599.052,0.992723398,0.688279206,1.054911276,0.497118594
4/01/2009,4769.602,3912.796,3933.03,618.926,1.118827156,0.193168977,0.842943051,1.417420458
4/02/2009,5039.355,4127.82,4147.738,664.153,2.389281274,2.323354511,2.308405643,3.062941168
4/03/2009,5228.508,4123.816,4147.738,673.835,1.600282332,-0.042147163,0,0.628542643
4/06/2009,5183.945,4205.195,4260.855,659.439,-0.37173917,0.848686005,1.168543957,-0.937893688
4/07/2009,5112.016,4170.91,4260.855,662.255,-0.606818072,-0.355532063,0,0.185061763
4/08/2009,5222.656,4060.041,4346.504,686.811,0.929921672,-1.170039944,0.864332854,1.581199634
4/09/2009,5413.844,4187.547,4386.523,728.317,1.561431625,1.34292752,0.398032722,2.548320492
4/10/2009,5413.844,4189.512,4386.523,729.572,0,0.020374422,0,0.074771085
4/13/2009,5467.195,4191.465,4463.258,722.896,0.425882686,0.020240531,0.753158124,-0.399233633
4/14/2009,5367.773,4370.324,4463.258,722.941,-0.797042278,1.814779116,0,0.002703382
4/15/2009,5325.477,4439.223,4624.918,728.081,-0.343562812,0.679332674,1.545204499,0.307684236
4/16/2009,5480.91,4387.504,4465.508,743.55,1.249415737,-0.508943652,-1.523316534,0.913048011
4/17/2009,5441.742,4362.363,4499.586,750.386,-0.311472327,-0.249572425,0.33016851,0.397454483
4/20/2009,5189.633,4419.953,4460.258,700.563,-2.060130093,0.56958501,-0.381257599,-2.983752632
4/21/2009,5175.5,4317.93,4401.973,697.156,-0.118433361,-1.014205376,-0.571260642,-0.211722704
4/22/2009,5281.672,4196.367,4372.188,722.601,0.881911443,-1.24021344,-0.294854649,1.556858882
4/23/2009,5396.738,4300.73,4544.434,745.028,0.935990717,1.066871528,1.67809725,1.327403667
4/24/2009,5541.945,4323.035,4628.324,753.505,1.153087688,0.224657328,0.794395315,0.491354357
4/27/2009,5431.672,4172.246,4597.008,727.385,-0.872867488,-1.54188447,-0.294849405,-1.532179762
4/28/2009,5438.961,4096.813,4405.516,712.74,0.058240821,-0.792376604,-1.847847668,-0.883320815
4/29/2009,5667.199,4246.785,4618.871,743.328,1.785251815,1.561413379,2.053905019,1.824935959
4/30/2009,5696.598,4375.648,4618.871,739.572,0.224711018,1.298210309,0,-0.220003178
5/01/2009,5678.008,4375.703,4618.871,749.913,-0.141957297,0.000545886,0,0.603042179
5/04/2009,6096.41,4661.137,4937.719,781.107,3.08781667,2.744403122,2.899053804,1.76996475
5/05/2009,6101.789,4662.586,5018.5,789.291,0.038301887,0.013498743,0.704755739,0.452662092
5/06/2009,6233.422,4735.598,4889.066,808.122,0.926934378,0.674797315,-1.134802842,1.023977926
5/07/2009,6112.93,4787.262,5000.578,829.364,-0.847710679,0.471236798,0.979430581,1.126825013
5/08/2009,6317.914,4854.566,4890.785,854.262,1.43242873,0.606321344,-0.964163432,1.284590802
5/11/2009,6326.754,4745.789,4803.914,855.762,0.060723838,-0.984198452,-0.778334753,0.076190965
5/12/2009,6248.777,4723.719,5004.016,898.696,-0.538592205,-0.202437055,1.772346562,2.125981091
5/13/2009,5950.605,4759.609,4915.93,848.037,-2.123390345,0.328722224,-0.771299949,-2.519800768
5/14/2009,6048.77,4648.359,4861.027,844.802,0.710594826,-1.027161515,-0.487765684,-0.165986767
5/15/2009,6070.523,4727.398,5014.734,846.784,0.155903781,0.732250521,1.351986807,0.101771007
5/18/2009,6326.516,4802.359,6082.871,859.439,1.793850182,0.683245546,8.386070505,0.644241398
5/19/2009,6383.715,4933.125,6100.219,894.325,0.390887904,1.166749756,0.123682018,1.728031381
5/20/2009,6482.445,4924.613,6089.68,945.018,0.666535094,-0.075001294,-0.075095465,2.39447095
5/21/2009,6282.766,4877.352,5983.188,890.98,-1.358795587,-0.418800732,-0.766182278,-2.557212525
5/22/2009,6401.234,4815.965,6075.781,925.624,0.811281849,-0.550077786,0.666946225,1.656665122
5/25/2009,6435.879,4847.141,6090.27,928.005,0.234416708,0.280233121,0.10344352,0.111570949
5/26/2009,6507.859,4809,5857.344,912.682,0.48302645,-0.343087616,-1.693581588,-0.723083074
5/27/2009,6581.176,5033.672,6134.98,934.518,0.486537037,1.983013592,2.011242051,1.026818544
5/28/2009,6726.242,5033.738,6198.703,955.676,0.946898325,0.00056943,0.448767712,0.97230088
5/29/2009,6914.531,5149.328,6370.066,1004.227,1.199023953,0.985994894,1.184310368,2.152121413
6/01/2009,7154.121,5402.57,6520.305,1082.266,1.47935532,2.084984642,1.012397911,3.250212126
6/02/2009,7111.707,5270.73,6516.762,1072.415,-0.25824257,-1.072963317,-0.023605085,-0.397113517
6/03/2009,6881.289,5352.734,6518.859,984.841,-1.430405783,0.67048925,0.013972722,-3.699675943
6/04/2009,7022.137,5297.848,6573.133,989.571,0.879950047,-0.447616815,0.360083229,0.208083908
6/05/2009,6964.242,5380,6645.383,1012.383,-0.35954442,0.668278182,0.47475963,0.989788431
6/08/2009,6926.352,5301.434,6367.434,973.736,-0.236929518,-0.638891662,-1.855556404,-1.690361724
6/09/2009,6978.125,5225.066,6575.809,979.174,0.323418596,-0.630157847,1.398473817,0.241864653
6/10/2009,7011.316,5449.543,6759.371,1007.647,0.206079645,1.826830319,1.195709386,1.24485431
6/11/2009,6993.879,5475.102,6690.645,1016.971,-0.108142683,0.203213064,-0.443829693,0.40001525
6/12/2009,7111.484,5466.945,6614.688,1009.933,0.724212289,-0.064750969,-0.495862288,-0.301600554
6/15/2009,6855.852,5354.414,6485.531,954.199,-1.589880354,-0.903275718,-0.856382476,-2.465360611
6/16/2009,6755.254,5243.613,6551.719,964.887,-0.641975043,-0.908131603,0.440972293,0.483749807
6/17/2009,6573.719,5242.988,6290.887,911.583,-1.183054749,-0.005176778,-1.764337823,-2.468023768
6/18/2009,6690.156,5152.398,6153.617,909.802,0.762510889,-0.756946074,-0.95814219,-0.084933028
6/19/2009,6781.461,5192.754,6287.871,904.675,0.588702379,0.338834596,0.937316093,-0.245429811
6/22/2009,6406.039,5245.898,6143.895,827.183,-2.473369016,0.442209307,-1.005983834,-3.889098873
6/23/2009,6361.57,5088.387,6131.672,821.6,-0.302526799,-1.323970762,-0.086486974,-0.294116977
6/24/2009,6528.824,5211.246,6185.602,874.494,1.127065099,1.036144039,0.380305757,2.709640349
6/25/2009,6703.219,5315.793,6144.539,858.948,1.144844708,0.862648614,-0.289266769,-0.778996128
6/26/2009,6808.777,5440.043,6407.063,867.605,0.678570206,1.00342716,1.816968931,0.435517339
6/29/2009,6849.262,5434.781,6432.949,885.457,0.257466882,-0.042028409,0.175111397,0.884542943
6/30/2009,6744.828,5376.512,6297.082,876.49,-0.667290009,-0.468142898,-0.927075968,-0.442051009
7/01/2009,6870.254,5377.629,6365.871,911.103,0.800191445,0.00902177,0.471848501,1.682051112
7/02/2009,6748.398,5370.461,6395.582,879.654,-0.777210561,-0.057927005,0.202223785,-1.525559477
7/03/2009,6725.941,5383.512,6515.867,878.138,-0.144763468,0.105411834,0.809213948,-0.074911093
7/06/2009,6617.988,5324.547,6063.613,833.732,-0.702707802,-0.478302052,-3.124073565,-2.25363002
7/07/2009,6545.84,5261.969,6127,828.882,-0.47605897,-0.513437974,0.451640495,-0.253376215
7/08/2009,6388.039,5207.852,5895.898,795.996,-1.059782673,-0.44896515,-1.669791878,-1.758182325
7/09/2009,6368.691,5244.691,5923.09,797.557,-0.131738088,0.306127239,0.199837015,0.085084576
7/10/2009,6334.707,5216.777,5786.52,753.775,-0.232364583,-0.231763361,-1.013087318,-2.452000173
7/13/2009,6374.785,5076.465,5739.844,758.795,0.273900986,-1.18408762,-0.351736941,0.288273112
7/14/2009,6401.367,5251.109,5972.418,786.323,0.18071846,1.4689637,1.725010658,1.547651851
7/15/2009,6769.641,5360.922,6201.145,836.92,2.429291161,0.898845514,1.632169078,2.708296739
7/16/2009,6866.816,5383.961,6196.328,839.004,0.618977212,0.186241691,-0.033748759,0.108008498
7/17/2009,6906.539,5499.094,6396.609,857.046,0.250505814,0.918923814,1.381540589,0.924010096
7/20/2009,7104.254,5699.859,6657.922,893.739,1.225801194,1.557296901,1.738889815,1.820657729
7/21/2009,7128.234,5688.621,6575.965,903.573,0.146346746,-0.085711227,-0.537920989,0.475253551
7/22/2009,7090.352,5631.367,6455.73,885.312,-0.23141517,-0.439316867,-0.801413458,-0.88668942
7/23/2009,7263.742,5775.473,6647.363,933.633,1.04926139,1.097372636,1.270403697,2.307984287
7/24/2009,7242.105,5849.109,6757.07,933.858,-0.129559297,0.550215676,0.71090226,0.010464978
7/27/2009,7301.262,5969.18,6781.418,957.867,0.353311587,0.882496054,0.156209666,1.102436783
7/28/2009,7330.516,6089.332,6766.195,918.336,0.173661297,0.865497793,-0.09760048,-1.830360182
7/29/2009,7233.145,5896.637,6658.273,889.342,-0.580737469,-1.396525991,-0.698291192,-1.393280682
7/30/2009,7401.602,5888.23,6769.32,940.524,0.999855713,-0.061962758,0.718344663,2.430107946
7/31/2009,7446.094,5976.801,6927.336,955.905,0.260278604,0.648403044,1.002120835,0.704485103
8/03/2009,7759.168,6108.715,7094.117,1015.054,1.788664075,0.948106768,1.033209387,2.60744137
8/04/2009,7749.793,6042.43,7024.789,1004.962,-0.052505274,-0.473823583,-0.426506272,-0.43395066
8/05/2009,7836.09,5948.727,7082.957,988.352,0.480931288,-0.678758925,0.358132115,-0.723799493
8/06/2009,7789.992,6031.285,6884.535,990.219,-0.256240369,0.598581227,-1.233999308,0.081960975
8/07/2009,7864.938,5846.668,6706.664,1002.845,0.415829172,-1.350141759,-1.136806318,0.550255836
8/10/2009,7873.445,5986.383,6662.262,987.467,0.046949468,1.025606557,-0.288484123,-0.671122261
8/11/2009,7655.195,6023.672,6678.031,951.87,-1.220854015,0.269681679,0.102672301,-1.594495151
8/12/2009,7821.918,5846.34,6591.078,962.528,0.935700086,-1.29772471,-0.569197957,0.48357326
8/13/2009,7841.688,5958.461,6844.781,992.109,0.109630011,0.825003249,1.640310617,1.314601737
8/14/2009,7768.105,5949.289,6786.398,970.985,-0.409447166,-0.066903483,-0.372023136,-0.934686851
8/17/2009,7404.813,5695.391,6403.742,922.154,-2.080099183,-1.894152164,-2.520549967,-2.240906646
8/18/2009,7501.715,5708.918,6531.676,937.074,0.564646532,0.103026044,0.859080734,0.697043372
8/19/2009,7621.941,5620.027,6436.457,932.926,0.690502195,-0.681540303,-0.637776146,-0.192669141
8/20/2009,7729.465,5724.605,6542.656,954.515,0.608385232,0.800712352,0.710721434,0.99355609
8/21/2009,7879.113,5696.488,6670.922,998.548,0.832789407,-0.213833871,0.843177613,1.958618853
8/24/2009,7908.277,5811.758,6840.309,1020.917,0.160454371,0.870033525,1.088985804,0.962148946
8/25/2009,7845.559,5784.5,6844.582,1016.957,-0.345798004,-0.204169669,0.027121011,-0.168784558
8/26/2009,7744.008,5770.039,6867.996,993.653,-0.565809977,-0.108707682,0.148310272,-1.006784195
8/27/2009,7682.047,5699.703,6865.891,976.523,-0.348883303,-0.532652253,-0.013312908,-0.755227142
8/28/2009,7730.75,5641.109,6952.504,1007.758,0.274466919,-0.448773462,0.544434293,1.367377779
8/31/2009,7628.348,5556.363,6839.801,990.226,-0.579113207,-0.657388077,-0.709778104,-0.762192919
9/01/2009,7507.07,5595.879,6748.391,985.43,-0.696003156,0.307770448,-0.584322881,-0.210854564
9/02/2009,7351.68,5506.707,6740.078,957.075,-0.908387043,-0.697634592,-0.053531509,-1.267980755
9/03/2009,7462.496,5630.828,6738.688,987.264,0.64975163,0.96802923,-0.008957338,1.348732895
9/04/2009,7684.035,5799.004,6863.902,985.247,1.270522301,1.278114678,0.799572512,-0.088817986
9/07/2009,7721.129,5900.242,7063.297,1008.957,0.209147409,0.75164164,1.24363938,1.032753661
9/08/2009,7967.973,6008.309,7101.742,1048.537,1.366704534,0.788243509,0.235742272,1.671110238
9/09/2009,8001.484,5945.793,7110.363,1065.576,0.182268736,-0.454247443,0.052688229,0.700067017
9/10/2009,8092.305,6010.906,7100.238,1059.686,0.490170187,0.473015105,-0.061886649,-0.24072336
9/11/2009,8130.699,6036.41,7124.715,1094.726,0.205564068,0.183879347,0.149459004,1.412823609
9/14/2009,8157.371,5983.367,7062.688,1087.949,0.142233092,-0.383308804,-0.379747519,-0.269689547
9/15/2009,8238.172,5946.609,7213.465,1111.182,0.428064048,-0.267625804,0.917390756,0.917666033
9/16/2009,8446.109,6080.945,7361.082,1137.378,1.082582675,0.970169158,0.879772673,1.011962589
9/17/2009,8433.773,6157.109,7381.754,1132.024,-0.063477431,0.540576663,0.12179124,-0.204918914
9/18/2009,8497.684,6111.742,7397.082,1144.356,0.327866957,-0.32118293,0.090086502,0.470551661
9/21/2009,8460.992,6037.652,7397.082,1099.877,-0.18792927,-0.529693531,0,-1.721703059
9/22/2009,8544.395,6080.383,7500.898,1147.13,0.426003279,0.306285869,0.605282673,1.826851725
9/23/2009,8511.418,6059.719,7426.672,1151.511,-0.167939775,-0.147845048,-0.431901614,0.165545331
9/24/2009,8435.059,5909.137,7455.754,1131.224,-0.39137948,-1.092842665,0.169732652,-0.771948047
9/25/2009,8451.035,5913.68,7420.234,1134.112,0.082177568,0.033376139,-0.207396905,0.11073352
9/28/2009,8622.781,5758.313,7420.234,1156.534,0.873745576,-1.156255258,0,0.850245904
9/29/2009,8628.621,5866.105,7477.25,1168.264,0.029403754,0.805456456,0.332430028,0.438258937
9/30/2009,8729.449,5821.523,7592.609,1155.638,0.504543841,-0.331321471,0.664913398,-0.471918014
10/01/2009,8657.043,5821.523,7655.012,1159.909,-0.361725736,0,0.355484044,0.160210424
10/02/2009,8727.871,5696.133,7655.012,1125.604,0.353874397,-0.945649647,0,-1.303829048
10/05/2009,8986.016,5744.32,7583.191,1139.415,1.265886889,0.365850407,-0.409388101,0.529630473
10/06/2009,9148.684,5907.066,7747.504,1182.867,0.779143957,1.213319804,0.930981431,1.625398338
10/07/2009,9051.699,6037.75,7741.77,1185.589,-0.462852337,0.950330331,-0.03215444,0.099824535
10/08/2009,9276.293,6089.938,7836.98,1237.497,1.064435402,0.373774463,0.530847371,1.860999354
10/09/2009,9368.938,6100.016,7734.625,1266.454,0.431590721,0.071810292,-0.570947592,1.004526525
10/12/2009,9338.301,6044.688,7878.625,1313.852,-0.14224966,-0.395708472,0.801116727,1.595702648
10/13/2009,9457.285,6108.234,7878.625,1282.768,0.549860855,0.454177665,0,-1.039832904
10/14/2009,9786.715,6234.746,8057.273,1327.998,1.487046445,0.89030992,0.973764905,1.504930352
10/15/2009,9892.289,6262.711,8043.387,1310.263,0.465985428,0.194360588,-0.074911397,-0.583894365
10/16/2009,9759.09,6224.578,8079.5,1283.515,-0.588747249,-0.26524577,0.194552041,-0.895752884
10/19/2009,9921.863,6337.445,8077.133,1336.465,0.718390289,0.780428986,-0.012725115,1.755664124
10/20/2009,9424.516,6366.258,8071.094,1333.021,-2.233416998,0.197003163,-0.032482879,-0.112059852
10/21/2009,9488.387,6352.441,7921.402,1345.047,0.293333375,-0.094359482,-0.813035167,0.390046895
10/22/2009,9622.484,6333.031,7760.547,1333.466,0.609480781,-0.132902622,-0.890972022,-0.37555134
10/23/2009,9556.973,6466.438,7833.805,1339.557,-0.296683858,0.905350404,0.408042337,0.197925141
10/26/2009,9529.551,6466.559,7760.035,1327.391,-0.124792042,0.000812644,-0.410907678,-0.396232946
10/27/2009,9208.551,6377.313,7529.164,1281.712,-1.488114093,-0.603551159,-1.311692302,-1.52084183
10/28/2009,8679.738,6241.406,7413.887,1198.715,-2.568468162,-0.935529867,-0.670079466,-2.907451054
10/29/2009,9218.543,6073.074,7303.75,1252.334,2.615566971,-1.187386111,-0.650006305,1.900423167
10/30/2009,8906.59,6207.695,7309.914,1200.362,-1.495082504,0.952179777,0.036636826,-1.840793308
11/02/2009,8813.914,6204.281,7309.914,1230.518,-0.45426521,-0.023891142,0,1.077573248
11/03/2009,9044.344,6102.012,6996.078,1188.562,1.120826365,-0.721840198,-1.905762475,-1.50661298
11/04/2009,9360.156,6239.438,7298.199,1203.063,1.490601462,0.96724162,1.836105827,0.526652921
11/05/2009,9490.332,6226.645,7391.715,1247.078,0.599831868,-0.08913676,0.552951248,1.560524746
11/06/2009,9443.418,6321.238,7475.027,1232.311,-0.215219204,0.654803622,0.48675521,-0.517329265
11/09/2009,9772.98,6424.703,7700.137,1304.684,1.489779644,0.705091379,1.288568648,2.47850113
11/10/2009,9725.191,6449.793,7670.016,1325.83,-0.21288705,0.169272061,-0.170218225,0.698250527
11/11/2009,9710.797,6516.602,7906.355,1321.943,-0.064326402,0.447542078,1.318004062,-0.127511223
11/12/2009,9395.555,6473.852,7758.637,1305.745,-1.43324363,-0.285843068,-0.819087733,-0.535435799
11/13/2009,9475.742,6521.531,7894.043,1305.764,0.369078831,0.318679634,0.751405454,0.000631941
11/16/2009,9751.031,6625.348,8001.477,1373.74,1.243730963,0.685913173,0.587067348,2.203985313
11/17/2009,9775.695,6633.547,8007.949,1360.618,0.109710607,0.053711579,0.035113739,-0.416833197
11/18/2009,9738.273,6614.875,8025.977,1374.101,-0.166569793,-0.122416873,0.097661224,0.42824436
11/19/2009,9482.117,6550.098,7833.438,1332.663,-1.157663549,-0.427384404,-1.054550042,-1.329831552
11/20/2009,9524.023,6490.184,7942.426,1326.406,0.191512575,-0.399078834,0.600076675,-0.204386241
11/23/2009,9626.402,6585.254,8037.391,1355.89,0.464355839,0.631552136,0.516191906,0.954797998
11/24/2009,9665.508,6495.332,8040.535,1331.534,0.17606907,-0.597117646,0.01698505,-0.787219733
11/25/2009,9723.391,6550.055,8084.066,1315.009,0.259306546,0.364359238,0.234490379,-0.542353522
11/26/2009,9444.098,6450.34,7892.863,1264.763,-1.265726505,-0.666233965,-1.03952859,-1.691957313
11/27/2009,9592.141,6152.191,7751.48,1275.587,0.675506902,-2.055279703,-0.78499338,0.370093249
11/30/2009,9568.523,6368.293,7912.719,1275.83,-0.107064894,1.499322668,0.894111232,0.008272545
12/01/2009,9877.84,6467.742,8093.848,1317.255,1.381708211,0.672965073,0.982930107,1.387704575
12/02/2009,10005.39,6540.094,8092.793,1310.683,0.557203443,0.483130298,-0.00566122,-0.217218921
12/03/2009,9996.969,6610.785,8156.426,1305.88,-0.036567627,0.466904257,0.340146835,-0.159439596
12/04/2009,9868.305,6607.703,8084.949,1323.022,-0.562578161,-0.020251872,-0.382261565,0.56637954
12/07/2009,9948.766,6570.227,7959.129,1288.479,0.352665238,-0.247013968,-0.6811741,-1.148972127
12/08/2009,9730.68,6508.633,8073.68,1246.452,-0.962602544,-0.409059078,0.620598845,-1.440178591
12/09/2009,9683.723,6407.234,8033.895,1243.283,-0.210083264,-0.681919858,-0.21453808,-0.110556341
12/10/2009,9759.219,6375.445,8042.969,1248.637,0.337270573,-0.216008174,0.049024344,0.186620456
12/11/2009,9893.988,6426.402,8043.809,1255.416,0.595631547,0.345738561,0.004535493,0.23514594
12/14/2009,9930.914,6486.883,7999.27,1275.514,0.16178417,0.406817578,-0.241139393,0.689757044
12/15/2009,9892.074,6419.199,7884.57,1281.785,-0.170186445,-0.455522554,-0.627234258,0.21299552
12/16/2009,9785.473,6335.082,7906.891,1326.656,-0.470553357,-0.572859867,0.122773866,1.494314055
12/17/2009,9420.23,6237.438,7880.254,1278.125,-1.652031652,-0.67459989,-0.14655358,-1.618499584
12/18/2009,9349.434,6142.996,7828.578,1283.883,-0.327618629,-0.662600925,-0.285733307,0.195211868
12/21/2009,9315.227,6089.438,7761.977,1305.225,-0.159187761,-0.38030195,-0.37105315,0.715993521
12/22/2009,9442.172,6138.195,7823.301,1287.671,0.587846479,0.346346808,0.341768844,-0.588046864
12/23/2009,9516.195,6210.973,8052.391,1305.108,0.339142541,0.51189602,1.25348148,0.584153686
12/24/2009,9584.227,6274.352,8148.105,1313.107,0.309375857,0.440923827,0.51317621,0.265366471
12/25/2009,9584.227,6274.246,8148.105,1316.279,0,-0.000733711,0,0.104783608
12/28/2009,9779.973,6291.91,8148.105,1316.564,0.878056449,0.122095934,0,0.009402302
12/29/2009,9848.094,6283.031,8148.766,1300.14,0.301452947,-0.061329931,0.003522991,-0.545185565
12/30/2009,9869.141,6266.535,8111.211,1287.33,0.092716848,-0.114173285,-0.200614777,-0.430022977
12/31/2009,9895.184,6399.691,8185.406,1297.093,0.114452052,0.913153555,0.395452648,0.32812254
1/01/2010,9895.184,6399.691,8185.406,1297.093,0,0,0,0
1/04/2010,10216.23,6397.848,8284.691,1310.581,1.386678744,-0.012508729,0.523608937,0.449275194
1/05/2010,10255.12,6575.117,8385.449,1330.411,0.16500849,1.186956732,0.525000705,0.65219595
1/06/2010,10253.67,6614.266,8463.391,1332.953,-0.006141045,0.257817134,0.401808338,0.082900941
1/07/2010,10184.78,6551.355,8439.176,1334.352,-0.292768387,-0.415052326,-0.124436106,0.045557447
1/08/2010,10161.22,6554.66,8400.898,1333.118,-0.100579795,0.021903581,-0.197433251,-0.040181852
1/11/2010,10220.63,6600.043,8503.363,1415.303,0.25318122,0.299659592,0.526500734,2.598083485
1/12/2010,10147.11,6581.578,8379.379,1393.048,-0.313529817,-0.121673243,-0.637888503,-0.688334615
1/13/2010,10124.11,6394.18,8448.84,1405.741,-0.098551319,-1.254517484,0.358525169,0.393923061
1/14/2010,9916.43,6387.383,8488.789,1430.207,-0.900150464,-0.046189967,0.204865302,0.749358762
1/15/2010,9789.172,6386.258,8445.535,1417.249,-0.560939123,-0.007649836,-0.221857269,-0.395274009
1/18/2010,9844.223,6315.656,8521.551,1432.379,0.243548385,-0.482799282,0.389148145,0.4611786
1/19/2010,9900.973,6410.438,8403.086,1446.912,0.249643303,0.646923726,-0.607983924,0.438417326
1/20/2010,9565.344,6299.527,8362.309,1414.633,-1.497728294,-0.757976249,-0.211259693,-0.979833357
1/21/2010,9287.828,6137.414,8142.656,1379.935,-1.278642908,-1.132252202,-1.156012366,-1.078515489
1/22/2010,9208.188,6101.488,8038.953,1350.599,-0.373998663,-0.254965819,-0.556659814,-0.933220619
1/25/2010,9172.344,6051.566,7955.16,1343.288,-0.169384337,-0.356798729,-0.455057063,-0.235728874
1/26/2010,9013.586,5833.039,7955.16,1309.989,-0.75827274,-1.597289403,0,-1.090148619
1/27/2010,8845.281,5792.434,7650.262,1320.193,-0.818597247,-0.303378609,-1.697261014,0.336977679
1/28/2010,8920.375,5904.574,7691.688,1330.655,0.36714776,0.832747577,0.234535075,0.342804451
1/29/2010,8838.773,5844.703,7742.387,1337.236,-0.399113153,-0.442612256,0.285321603,0.214258962
2/01/2010,8986.996,5882.453,7750.719,1341.547,0.722256803,0.279601863,0.04671164,0.139783262
2/02/2010,9218.094,5896.398,7668.551,1367.933,1.102658407,0.10283243,-0.462868174,0.845893417
2/03/2010,9200.535,6061.176,7880.887,1364.695,-0.082805068,1.197010471,1.186179021,-0.102922622
2/04/2010,8617.797,5941.781,7685.398,1314.607,-2.841682211,-0.864025422,-1.090873741,-1.62396599
2/05/2010,8498.266,5712.43,7404.277,1267.214,-0.606593907,-1.709574942,-1.618370532,-1.594597818
2/08/2010,8567.066,5655.563,7462.105,1239.95,0.350179208,-0.434504671,0.337869805,-0.944578936
2/09/2010,8821.176,5724.621,7531.582,1269.885,1.269437452,0.527089482,0.402485308,1.036022036
2/10/2010,8854.438,5799.914,7510.723,1267.097,0.163451409,0.567481459,-0.12044636,-0.095453062
2/11/2010,8960.914,5917.004,7635.563,1284.748,0.519130802,0.868030889,0.715931958,0.600808761
2/12/2010,8903.109,5910.324,7635.563,1270.329,-0.281061888,-0.04905736,0,-0.490173769
2/15/2010,8943.438,5909.492,7636,1279.711,0.196281017,-0.006114021,0.002485491,0.319569043
2/16/2010,8991.926,5910.398,7750.98,1321.225,0.234822356,0.006657774,0.649069655,1.386487972
2/17/2010,9212.57,5988.707,7853.492,1317.331,1.052807662,0.571633876,0.570618941,-0.12818708
2/18/2010,9343.145,5948.871,7787.633,1311.113,0.61122881,-0.289851412,-0.365732891,-0.20547884
2/19/2010,9333.707,5783.797,7706.723,1318.555,-0.043892533,-1.222150978,-0.453572719,0.24581264
2/22/2010,9278.504,5915.5,7736.363,1325.294,-0.257620425,0.977841703,0.166708963,0.221398185
2/23/2010,9069.602,5977.59,7757.293,1313.924,-0.988972991,0.453466498,0.117335625,-0.374198631
2/24/2010,9043.477,5936.098,7726.848,1305.41,-0.1252791,-0.302506151,-0.170782642,-0.282331023
2/25/2010,8993.098,5898.059,7710.578,1277.306,-0.242611234,-0.279194956,-0.09154342,-0.945198303
2/26/2010,9172.828,5968.977,7871.652,1299.585,0.859392406,0.519079284,0.897895117,0.750973778
3/01/2010,9325.922,6111.711,7871.652,1326.715,0.718852867,1.026290444,0,0.897294934
3/02/2010,9485.211,6135.797,8037.809,1342.576,0.735521749,0.170817286,0.907179597,0.516124008
3/03/2010,9498.813,6144.699,8197.953,1357.36,0.062234167,0.062963095,0.856774215,0.47561674
3/04/2010,9437.582,6034.414,8194.34,1358.702,-0.280859985,-0.786551141,-0.019144436,0.042916785
3/05/2010,9615.68,6105.867,8253.805,1388.367,0.811926393,0.511223784,0.314022449,0.938006772
3/08/2010,9539,6240.348,8321.863,1391.081,-0.347715324,0.946146916,0.356635762,0.084813646
3/09/2010,9631.977,6251.277,8265.531,1393.561,0.421258808,0.075993405,-0.294980282,0.077356486
3/10/2010,9832.125,6270.895,8334.02,1406.371,0.893195441,0.136078567,0.358377929,0.397391875
3/11/2010,9823.324,6269.102,8310.594,1400.297,-0.038892279,-0.012419301,-0.122247224,-0.18797441
3/12/2010,9757.801,6258.781,8341.359,1422.281,-0.290651161,-0.07155805,0.16047469,0.676525004
3/15/2010,9708.613,6188.977,8305.766,1400.531,-0.219476709,-0.487088676,-0.185712152,-0.669268227
3/16/2010,9852.063,6174.977,8419.227,1426.104,0.636999052,-0.098352442,0.589252769,0.785847187
3/17/2010,9810.824,6289.375,8507.395,1438.277,-0.18216955,0.797214572,0.452437848,0.369133754
3/18/2010,9681.867,6275.258,8500.582,1419.612,-0.574637238,-0.0975904,-0.034793656,-0.567287376
3/19/2010,9540.063,6295.703,8503.242,1409.161,-0.640786976,0.141264594,0.013587806,-0.320904667
3/22/2010,9543.109,6175.965,8384.777,1400.867,0.013864163,-0.833940585,-0.609302248,-0.256371032
3/23/2010,9667.645,6162.348,8424.113,1400.251,0.563081025,-0.095860599,0.203266711,-0.019101331
3/24/2010,9558.297,6170.078,8424.113,1390.786,-0.494017355,0.054443413,0,-0.294558118
3/25/2010,9432.574,6127.5,8489.578,1399.591,-0.575030001,-0.300733435,0.336191908,0.274083079
3/26/2010,9401.371,6192.25,8585.438,1411.02,-0.14390297,0.45651619,0.487635343,0.353202844
3/29/2010,9607.281,6269.223,8660.313,1437.195,0.940930212,0.536523641,0.377113222,0.798252807
3/30/2010,9708.684,6330.203,8575.547,1441.214,0.455987241,0.420391918,-0.427175701,0.12127746
3/31/2010,9813.383,6300.199,8603.055,1449.67,0.465838314,-0.206336998,0.139086787,0.254067933
4/01/2010,10005.08,6421.293,8674.805,1490.567,0.840181661,0.826821955,0.360702173,1.20823505
4/02/2010,10005.08,6421.559,8674.805,1489.636,0,0.001799014,0,-0.027134271
4/05/2010,10081.85,6422.5,8891.762,1502.355,0.331966604,0.006363582,1.072810859,0.369240736
4/06/2010,10040.97,6423.23,8884.059,1503.378,-0.176456211,0.004936037,-0.037639562,0.029562391
4/07/2010,9984.434,6579.793,8874.887,1484.632,-0.2452219,1.045875764,-0.0448602,-0.544937344
4/08/2010,10019.16,6538.953,8787.176,1477.313,0.150786157,-0.270401515,-0.431350703,-0.214629764
4/09/2010,10032.02,6620.977,8914.914,1506.858,0.055707722,0.541386343,0.626783294,0.859980862
4/12/2010,10006.54,6561.805,8841.918,1522.766,-0.110445355,-0.38987591,-0.357067506,0.456084327
4/13/2010,9989.691,6516.125,8816.746,1514.805,-0.073188087,-0.303391326,-0.123815348,-0.227644146
4/14/2010,10161.03,6523.137,8816.746,1541.352,0.738567872,0.046709288,0,0.754510033
4/15/2010,10121.75,6520.555,8763.68,1543.43,-0.168212726,-0.017193727,-0.262181826,0.058510719
4/16/2010,9903.707,6408.066,8757,1507.87,-0.945782303,-0.755758635,-0.033116149,-1.012303674
4/19/2010,9819.523,6252.02,8568.02,1468.698,-0.370739161,-1.070661748,-0.947487813,-1.143139727
4/20/2010,9896.773,6345.535,8655.926,1489.318,0.340321736,0.644788524,0.443306339,0.605493498
4/21/2010,9896.773,6327.09,8680.156,1481.569,0,-0.126423174,0.121399543,-0.226555609
4/22/2010,9823.48,6304.539,8711.918,1449.633,-0.322824378,-0.155067652,0.158624862,-0.946381547
4/23/2010,9860.344,6262.879,8771.992,1476.347,0.162670124,-0.287931449,0.298444792,0.793037899
