ARG,AUS,AUT,BEL,BRA,CAN,CHL,CHN,COL,CZE,DEU,DNK,EGY,ESP,FIN,FRA,GBR,GRE,HKG,HUN,IDN,IND,IRL,ISR,ITA,JPN,KOR,MAR,MEX,MYS,NLD,NOR,NZL,PAK,PER,PHL,POL,PRT,RUS,SGP,SWE,SWZ,TAW,THA,TUR,USA,ZAF
-0.044065,-0.064623,-0.038707,-0.007794,-0.090595,-0.054218,-0.038532,-0.148739,0.071807,-0.106539,-0.02027,0.012782,0.032525,-0.011576,-0.011211,-0.02513,-0.018215,-0.055264,-0.128375,-0.257955,-0.089113,-0.063921,0.007421,0.006558,0.064635,-0.060623,-0.096163,0.046311,-0.246713,-0.107298,0.009585,0.008042,0.028994,-0.138842,-0.211213,-0.149403,-0.201844,-0.093444,-0.248295,-0.083763,0.004825,-0.009351,-0.130852,-0.126076,-0.127574,0.025062,-0.161083
-0.227006,0.029111,0.047845,0.026967,-0.162915,0.051841,-0.037998,0.108541,-0.070157,0.006686,0.080279,0.028005,0.040679,0.021829,0.005125,0.01512,0.002783,0.030188,0.139602,0.021688,0.080239,-0.054372,0.033012,-0.121343,-0.095229,-0.050074,-0.021566,0.049236,-0.272636,0.126718,0.025611,-0.038427,0.015731,0.049798,-0.070746,0.008033,0.052124,0.065873,-0.222846,0.037535,0.015877,0.056962,0.030435,0.064223,0.06139,0.036599,0.072115
0.169852,-0.01256,0.00553,0.056829,-0.145011,0.039948,-0.000943,0.001621,-0.110151,-0.133315,-0.024447,-0.006584,0.049093,-0.023503,-0.030691,0.122317,0.06979,0.059933,0.022145,0.001127,-0.055879,-0.038597,0.011893,0.131599,-0.059812,0.087439,0.080172,0.072482,0.017949,0.002108,0.046909,-0.015834,0.031596,-0.131777,0.042626,-0.038141,-0.028261,0.063261,0.082783,0.021698,-0.017358,0.06099,0.007562,-0.05288,0.308157,0.024426,0.125786
0.029704,0.063143,-0.006359,0.060126,0.177105,0.015588,0.083983,-0.113225,-0.084685,-0.00225,0.040282,0.046056,0.002563,0.076971,0.119041,0.008626,0.011087,0.004235,-0.031857,0.147456,-0.045761,-0.05187,0.020677,0.049972,0.096694,0.047072,0.001338,-0.006956,0.173352,-0.012778,0.030831,0.079118,0.104659,-0.048675,0.30441,0.011292,0.339299,-0.005796,-0.278693,0.012765,0.085845,0.017763,-0.09097,0.004834,0.190319,0.028951,0.022786
0.059786,-0.025272,0.052874,-0.005489,-0.002659,0.039123,0.088279,0.148197,-0.004669,-0.007163,0.007091,0.040851,-0.005221,0.043585,0.037862,0.0097,0.020207,0.067081,0.120813,0.006561,0.147788,0.03875,0.008024,0.015834,0.002511,-0.064638,-0.013131,-0.012023,-0.031096,0.10578,0.010265,-0.016975,-0.025734,-0.064074,0.045579,0.151469,-0.098417,0.000374,0.276183,0.061863,0.013382,0.044776,-0.027976,0.151193,-0.005397,0.036393,-0.027246
-0.058056,-0.013508,0.012137,-0.001096,-0.026218,0.015394,0.022021,-0.013888,0.106689,-0.04305,0.026689,-0.017139,0.021366,0.012181,0.134826,-0.018412,-0.001724,0.021235,-0.019203,-0.033884,0.039499,-0.036444,0.042078,0.058129,-0.030942,-0.049604,0.016221,-0.023748,0.090168,-0.017446,0.008061,0.045876,-0.021981,0.066607,-0.002611,0.001363,0.067139,-0.003979,0.358995,-0.050991,0.042365,0.027866,-0.053476,-0.008751,-0.060283,0.022436,0.0013
0.048771,0.086904,0.005073,0.029614,0.034703,0.016022,-0.061134,0.048681,-0.049245,0.039475,0.05639,0.066915,-0.057905,0.068311,0.101906,0.043188,0.051675,0.063128,0.017172,0.014512,0.020273,0.037864,0.02952,0.009099,0.074446,0.07601,0.03836,-0.041705,0.087462,0.021002,0.052995,0.042971,0.041196,0.097439,0.078468,0.015981,-0.054026,0.011147,-0.000341,0.019369,0.066122,0.009043,-0.055169,-0.017836,0.061538,0.031578,0.013439
-0.026526,0.016204,-0.079686,-0.060461,0.048253,-0.00094,-0.073654,-0.059932,-0.07383,0.006299,-0.056698,-0.054909,0.013401,-0.036397,-0.018459,-0.067225,-0.026616,-0.053784,-0.03666,0.00042,-0.051415,-0.038745,-0.002202,0.047222,-0.02507,-0.041567,-0.035268,-0.038862,0.033528,-0.059248,-0.064038,-0.060665,-0.04305,-0.004487,0.011752,-0.057212,-0.04025,-0.085712,-0.143212,-0.051104,-0.028136,-0.025865,-0.101659,-0.057173,-0.216924,-0.001761,0.005919
-0.027983,-0.008547,0.003797,0.032773,0.048923,-0.006261,-0.028275,-0.046697,-0.059026,0.068167,0.012532,0.015094,0.009813,-0.000701,0.042216,-0.020551,0.027069,0.026081,0.055277,-0.005675,-0.028346,-0.032141,0.023318,0.016569,-0.01091,0.007919,0.090041,0.042773,-0.062233,-0.019549,0.044988,0.034059,0.016756,-0.112182,-0.031005,-0.048405,0.068191,0.039611,-0.050472,-0.006112,0.128365,0.082082,0.049094,-0.006073,-0.085349,0.042105,0.020493
-0.058734,-0.027504,-0.049025,-0.000275,-0.098137,-0.010118,-0.026751,-0.064345,-0.075632,-0.006946,-0.013454,0.001354,-0.014764,-0.034311,-0.156871,0.013745,-0.003814,-0.042323,-0.000731,-0.127293,0.013132,-0.026902,-0.021173,-0.059578,-0.05006,-0.058096,0.016928,0.043784,-0.141606,-0.057227,-0.017071,-0.050965,0.034585,-0.149436,-0.066781,-0.08485,-0.107553,-0.004599,-0.169548,-0.003599,-0.044688,0.040198,-0.040773,-0.016794,0.089397,-0.002248,0.020915
0.135571,0.018164,-0.037067,0.014038,-0.003051,0.034951,-0.051513,-0.073899,-0.070307,-0.082728,0.000774,0.003973,0.01373,0.07117,-0.019543,-0.006399,0.003322,-0.071713,-0.000178,-0.018604,-0.047381,-0.157639,0.003533,0.003013,-0.058641,0.056991,-0.082716,0.007148,0.082948,0.001277,0.029016,-0.0067,-0.032921,-0.140408,0.029266,-0.004758,-0.021787,-0.041875,-0.042099,0.021563,0.032592,0.01163,-0.022752,-0.062146,-0.240872,0.041311,0.020962
0.08171,0.017932,0.024096,0.051921,-0.019773,0.007808,0.060864,-0.047512,0.094026,0.02293,0.028964,0.023383,0.001349,0.043206,-0.170946,0.039928,0.023483,0.048371,0.029381,0.038317,0.089178,0.039776,0.020886,0.04019,0.090278,0.04938,-0.041654,0.037311,0.026067,0.055454,0.040326,0.024133,0.009654,0.0937,0.069967,0.069103,-0.024035,0.029809,0.109026,0.069866,-0.02376,0.037529,0.076446,0.069183,-0.03521,0.0133,0.044294
0.112627,0.027402,0.055471,0.019366,0.158413,0.049098,-0.04193,0.142403,-0.025364,0.025551,0.041164,0.031516,-0.080005,0.006063,-0.012869,0.038495,-0.004122,0.058156,0.118728,0.379555,0.123789,-0.101072,0.015107,-0.013097,0.04325,-0.013698,-0.023918,-0.031563,0.110143,0.035103,0.00393,-0.019826,0.006869,0.050685,0.058263,0.096629,0.283432,0.083094,0.020402,0.050939,-0.025608,-0.062945,-0.074482,0.087705,0.163572,0.033387,0.084447
-0.154079,0.028966,-0.00494,-0.013435,-0.046955,-0.010465,-0.013422,0.029213,0.055221,0.064732,0.007716,0.012513,0.033522,0.062338,-0.022571,0.010276,0.005432,0.040946,-0.013784,0.003424,0.016745,0.198869,0.011777,0.039843,-0.010948,-0.018452,-0.021496,0.035489,-0.095965,0.036331,0.019581,0.030236,0.011407,0.086875,-0.025339,-0.016722,0.008086,0.031179,-0.108536,0.009535,0.09206,0.042599,0.018443,-0.059208,0.110543,0.008682,-0.083502
0.035119,-0.006777,-0.00929,-0.026801,-0.017412,0.017877,-0.037932,-0.047082,-0.076311,0.076087,-0.005031,-0.026256,-0.040528,-0.016804,0.001559,0.028067,-0.00827,0.000684,-0.001715,-0.008024,-0.015856,0.010061,0.036211,-0.087406,-0.041446,0.034216,0.021313,0.058033,0.077143,0.06177,0.026989,0.017246,0.009167,-0.086137,-0.019642,-0.019901,-0.01039,0.013039,0.044675,-0.016361,0.021748,0.083066,0.053293,-0.021571,0.021534,0.008414,-0.02224
0.095572,0.04574,0.005491,0.0229,0.01043,0.038917,0.060445,-0.054352,0.121901,0.055397,-0.038302,-0.007881,-0.020537,0.035688,-0.001937,0.016671,0.016618,-0.080294,-0.000356,0.017073,0.078826,0.116481,0.029496,0.056897,0.126779,0.054848,0.110204,0.056378,0.053337,0.050983,0.002381,0.057116,-0.005614,0.010711,0.072278,0.026475,0.046233,-0.033935,0.332935,0.005683,-0.012208,-0.040807,0.223048,0.018174,-0.051418,0.01301,-0.043778
0.020726,-0.01006,0.05215,0.01341,0.073289,0.01424,-0.019273,0.039,-0.053812,0.035264,0.013074,0.001998,0.017492,-0.009965,0.098702,-0.012427,0.008854,0.017227,0.026951,0.101362,-0.030465,-0.038202,0.036583,-0.048535,-0.00697,-0.053295,-0.127779,0.019899,0.005323,-0.04213,0.043326,0.010301,-0.060224,0.11542,-0.045227,0.1057,-0.050359,0.047467,0.313252,-0.051942,0.042291,-0.035058,-0.035474,0.016089,-0.073351,0.024708,-0.026317
0.017853,-0.035864,-0.06402,0.002067,0.047163,-0.029299,0.047802,0.011887,-0.008469,-0.009448,0.019053,0.024896,-0.000738,0.03904,-0.047423,0.016555,-0.008691,-0.016742,-0.026143,0.06506,-0.023412,0.032924,0.011094,-0.030799,0.002447,0.004826,-0.119578,0.025575,-0.01523,0.003736,0.00034,0.000832,0.038893,-0.04006,0.037047,0.017124,0.132092,0.048734,0.352269,-0.036846,0.012072,0.04761,0.124605,-0.058531,0.104192,0.004245,0.006172
-0.148109,-0.05039,-0.023257,0.008585,-0.012297,-0.032614,-0.017189,-0.040904,-0.010385,0.045151,0.001672,0.014424,0.097646,-0.049082,0.010623,-0.02962,0.004091,0.001061,-0.049438,-0.145188,-0.122731,-0.089629,-0.034181,-0.102385,-0.078385,-0.046298,-0.036991,0.032038,-0.067599,-0.063752,-0.018052,-0.048988,0.043305,-0.177541,0.019476,-0.077954,-0.047379,0.010544,-0.297671,-0.080375,-0.043217,-0.021331,-0.084086,-0.155245,-0.159851,-0.046713,-0.086339
-0.016623,0.059794,0.008356,0.006788,0.016657,0.042217,-0.034409,-0.003231,-0.00124,0.06814,0.021648,0.035024,0.039438,0.018916,0.104134,-0.022227,0.047719,0.059504,0.029367,0.18341,0.033465,-0.021484,0.040003,0.050528,-0.009387,-0.046222,-0.054386,0.002438,0.088272,0.052438,0.014655,0.025032,0.022945,-0.040462,0.029615,0.056585,0.08274,0.034318,0.210378,0.021406,0.063477,0.041569,0.040839,0.012383,-0.01731,0.020445,0.009439
0.086365,-0.001306,-0.030497,0.010177,0.018461,0.037453,0.015412,-0.011651,0.060918,-0.069846,0.005402,-0.003972,0.103033,0.022148,0.009092,0.052388,0.02015,-0.012486,0.063334,-0.051186,0.063971,-0.085398,0.040709,0.020916,0.060666,0.033589,-0.012289,0.043608,-0.001638,0.015778,0.023165,0.004429,-0.00707,-0.048466,-0.005602,-0.024542,0.040318,-0.02798,-0.114415,-0.002752,0.039498,-0.025309,0.023502,-0.002655,0.090878,0.052897,0.007333
-0.007248,0.035475,0.00587,0.01217,0.025382,0.073993,-0.021582,-0.026952,0.033668,-0.110995,0.008002,0.031551,0.019002,0.028677,0.022526,0.019679,0.043618,-0.020423,0.038627,0.03918,-0.007302,-0.022145,0.028201,-0.034148,-0.058374,-0.069946,-0.064906,0.030612,-0.062119,0.019529,0.022788,0.035391,0.060955,-0.007778,-0.07372,-0.079864,-0.098229,0.016894,0.08852,-0.035514,0.041572,-0.003836,-0.032116,-0.214682,0.043883,0.023679,-0.021201
0.064527,0.037885,0.022293,0.026985,0.000738,0.068978,-0.065341,0.10926,-0.024405,0.01329,0.037831,0.023327,0.165441,0.079005,0.079155,0.050486,0.052765,-0.044113,0.076299,0.039674,0.084613,-0.093227,0.027627,0.05964,0.074638,0.018405,-0.018566,-0.012948,0.037983,0.039974,0.058791,0.069033,0.011031,0.048501,-0.057298,0.04841,0.03423,0.01379,0.027404,0.035866,0.064037,0.007606,0.054812,0.023631,0.054921,0.071412,-0.020743
0.048972,-0.004964,0.014249,0.001764,0.048294,-0.036416,-0.052093,0.153327,-0.007492,0.058058,0.002069,0.045448,0.046214,0.094797,0.034497,0.008623,0.031437,0.010523,-0.007632,0.089711,0.024564,0.054372,0.010443,0.049,0.000714,-0.072145,-0.135834,0.023331,0.02492,0.00957,0.021549,0.056401,-0.004833,-0.12694,-0.017994,0.023082,0.031678,0.0428,0.051322,0.016487,0.007188,-0.020864,0.01613,-0.123355,-0.01094,-0.020615,-0.027614
0.086286,-0.043596,-0.042246,0.021666,0.10814,0.046715,0.097755,-0.022458,0.107239,0.037006,-0.005305,0.039338,0.267568,-0.018641,0.063772,0.021147,-0.032365,0.183177,-0.024214,0.26879,0.058912,0.086212,-0.013474,0.129445,0.099593,-0.115789,0.051437,0.035758,0.082568,0.013951,-0.009714,0.050031,-0.001892,0.187021,0.096614,0.092066,0.087021,0.093208,0.322701,0.020028,0.022043,0.028694,0.041877,-0.059866,0.422649,0.064839,0.03179
0.007211,0.026382,0.001702,0.013164,0.096864,-0.00924,0.051508,0.028986,0.100666,0.029146,0.039551,-0.007112,0.167774,-0.037812,-0.015667,0.00402,0.028281,0.061215,-0.004149,-0.030215,0.011541,0.066443,0.025575,0.027376,-0.113325,0.022546,-0.049273,0.060929,0.035057,0.042553,0.038175,-0.048444,-0.064008,0.053494,0.053231,-0.036392,0.06391,0.009482,0.16662,-0.011716,-0.005198,0.011671,0.059047,-0.088949,0.000905,0.00563,0.08699
-0.021962,-0.005698,0.009956,0.012329,-0.014703,-0.052848,-0.031031,-0.029334,0.00692,-0.083377,0.069917,0.029685,-0.018952,0.037877,0.00478,0.029327,0.00793,0.037033,-0.071391,-0.0221,-0.076725,-0.084292,-0.01479,-0.049112,0.023282,-0.03405,-0.035351,0.162845,-0.022289,-0.057952,0.022131,0.028206,-0.014458,-0.066258,0.025815,-0.031354,-0.080518,0.029885,-0.081309,-0.080537,0.045026,0.055756,-0.010097,-0.015958,-0.035599,-0.047285,0.008419
0.04781,0.024692,-0.043147,0.00795,0.066913,0.021896,0.031823,0.124074,0.069717,-0.118601,-0.037654,-0.031586,-0.010534,0.054964,0.000218,-0.042664,0.015714,0.022056,0.013472,0.073568,-0.030141,0.119142,-0.034716,0.017829,0.012641,0.035108,0.034102,0.070781,0.003652,-0.119688,-0.011878,-0.047739,0.00723,-0.037727,0.059239,-0.185825,-0.062241,0.000232,0.077952,-0.055475,-0.088425,0.023246,0.061689,-0.053208,-0.174096,0.062389,0.000432
0.071454,0.016096,0.051557,0.021959,0.060849,0.079066,0.080893,-0.022334,0.032454,-0.13289,0.040507,0.071818,-0.10007,0.072772,0.036473,-0.009424,0.042234,0.122225,0.116499,0.041641,0.066032,-0.016098,0.042976,0.08016,-0.012658,0.104237,0.075243,-0.084376,0.055966,0.018361,0.060191,0.039175,0.060505,-0.007216,0.096035,0.037903,-0.034524,0.065362,0.116772,0.061637,0.074245,0.071303,-0.042291,-0.126501,0.080601,0.053757,-0.02564
0.02062,0.030259,-0.011397,0.01858,0.095247,0.016264,0.029217,0.019217,-0.028405,0.023258,0.042206,0.019599,0.007344,0.069093,0.065192,0.078853,0.011325,-0.081778,0.047568,0.115772,0.023149,0.139145,0.028121,0.015294,0.089249,0.071591,0.016451,0.01674,0.106399,-0.027909,0.074125,0.025831,0.051383,0.055479,-0.006846,-0.006726,-0.071942,0.068531,0.17321,-0.018198,0.082495,0.077793,0.12558,-0.091625,0.087245,0.043306,0.038083
0.067197,-0.009691,0.059275,0.012316,0.026449,0.0619,0.006809,0.127021,0.000433,-0.004413,0.092455,0.061705,-0.052435,-0.05891,0.10224,0.016191,0.043366,0.007129,0.058373,0.094817,-0.106449,0.012333,0.054216,0.076783,0.054927,-0.031422,-0.037338,-0.022038,0.139138,-0.103402,0.077334,0.013122,-0.022363,0.259907,-0.07057,-0.131309,-0.065529,0.006195,0.152454,-0.02743,0.044776,0.014262,0.079366,0.092107,-0.031446,0.074932,0.008361
-0.030311,-0.073279,-0.06437,-0.079526,-0.168012,-0.055331,-0.054698,0.057157,0.050728,0.10635,-0.10516,-0.051644,0.057733,-0.022259,-0.090709,-0.079929,-0.0189,-0.036718,-0.143114,-0.066263,-0.524732,-0.115316,0.000336,-0.060928,-0.027748,-0.091242,-0.033044,0.034137,-0.08401,-0.361145,-0.105211,0.003328,-0.064809,-0.154188,-0.010128,-0.346525,0.100242,-0.066446,-0.055209,-0.091297,-0.056715,-0.098177,-0.042082,-0.415583,-0.027535,-0.062443,-0.044933
0.035902,0.044915,0.070291,0.054505,0.101789,0.055559,0.009899,-0.181884,0.046441,0.023391,0.073258,0.108314,0.034152,0.132729,0.16965,0.099644,0.080946,0.160821,0.058948,0.065057,0.070715,0.015859,0.029227,0.040903,0.134209,-0.01576,-0.104239,-0.003421,0.136608,-0.077613,0.082792,0.10274,0.04292,0.06205,0.002082,-0.126619,0.048118,0.125234,0.072881,0.036423,0.111997,0.096886,-0.1255,0.111524,0.20706,0.049708,-0.02283
-0.20738,-0.147154,-0.024285,-0.008414,-0.276685,-0.049594,-0.107763,-0.177224,-0.010491,-0.085976,-0.073449,-0.045781,-0.037632,-0.102516,-0.077706,-0.07031,-0.041097,-0.153959,-0.344135,-0.060316,-0.160591,-0.034887,-0.021306,-0.090213,-0.063564,-0.098363,-0.37478,0.026043,-0.205491,-0.236902,-0.045901,-0.031935,-0.09302,-0.056378,-0.105077,-0.131647,-0.168806,-0.034466,-0.154831,-0.213766,-0.106708,-0.006747,-0.246768,-0.416319,0.055882,-0.028865,-0.117141
0.076763,-0.023525,-0.070995,0.007971,0.029149,-0.032049,-0.077428,-0.199676,-0.091769,-0.10105,0.033122,0.010346,-0.079677,0.056531,-0.048978,0.019948,0.002481,-0.025842,-0.017106,-0.03187,-0.273032,-0.114226,-0.009755,0.020094,0.023356,-0.063931,-0.288002,0.001787,0.092638,-0.240155,-0.009919,-0.071862,-0.03506,-0.058315,-0.003463,-0.020464,-0.112594,0.042376,-0.239477,0.085852,0.022085,0.030253,0.009375,-0.107487,-0.018543,0.046112,-0.04951
0.04417,0.026432,0.06687,0.020305,0.084067,0.023787,-0.01697,-0.030087,0.03668,0.030739,0.03974,0.080725,-0.010992,0.023842,-0.061076,0.033683,0.034752,-0.012851,0.01066,0.210871,-0.427036,0.017255,0.038558,-0.00119,0.069818,-0.059535,-0.37147,-0.017183,0.076148,-0.008721,0.023275,-0.015858,-0.049652,-0.02119,0.026166,-0.106584,0.02827,0.024209,0.197606,-0.077739,-0.035709,0.053786,0.018432,-0.187912,0.181424,0.013509,-0.025906
-0.098639,0.062094,0.032337,0.03495,-0.090308,-0.01923,-0.160532,-0.293514,-0.060857,-0.108796,0.028808,0.002547,-0.08058,0.0758,0.077681,0.034098,0.045256,-0.077602,-0.154187,-0.096255,-0.422456,-0.109725,0.063866,-0.089732,0.086357,0.084887,0.534102,-0.000992,-0.151269,-0.119692,0.008004,-0.082178,-0.017413,-0.091949,-0.120987,-0.010952,-0.015235,0.096969,-0.357171,-0.199058,0.024488,0.036848,-0.05723,0.294479,-0.047788,0.011637,0.041369
0.061913,0.015456,0.067858,0.045097,0.07323,0.080292,0.095844,0.303675,-0.152885,0.109551,0.060914,0.023115,0.006824,0.119466,0.171617,0.079795,0.064956,0.031276,0.177182,0.102608,0.139175,0.100113,0.104536,0.043428,0.040413,0.00462,-0.063528,0.055847,0.034331,0.405124,0.095948,0.023491,0.022099,0.018484,-0.041985,0.245831,0.245363,0.10269,0.160231,0.228467,0.089017,0.09016,0.192713,0.182774,-0.10511,0.066701,0.047101
0.04362,0.001235,0.048213,0.079171,0.079861,0.071597,0.065633,-0.028137,-0.046664,0.060441,0.064287,0.111063,0.050972,0.123907,0.040839,0.10476,0.049444,0.253245,-0.024464,0.10844,0.164076,0.068039,0.038773,0.06799,0.178613,-0.071043,-0.011121,0.024702,0.04937,-0.026917,0.029872,0.079179,-0.044428,-0.093626,0.104067,0.063318,-0.059091,0.07941,0.054805,-0.010685,0.066933,0.020758,-0.054875,-0.118021,-0.093809,0.049507,0.060205
-0.015343,-0.016769,0.081158,0.064603,-0.044816,0.003768,-0.072858,-0.109912,0.035572,0.042752,0.035512,-0.043929,-0.04064,0.028502,0.167244,0.031118,0.00014,0.232922,-0.115673,-0.030914,-0.133265,0.020566,0.075732,-0.000834,-0.02146,-0.004654,-0.033156,0.111824,0.020111,-0.171593,0.032392,0.051848,-0.002549,0.002036,0.04612,-0.104502,0.092988,0.073392,-0.024252,-0.06785,0.04724,-0.005847,-0.098984,-0.103499,0.205607,0.010606,0.084167
-0.133197,-0.061152,0.05456,0.057309,-0.172189,-0.013231,-0.098231,-0.149651,-0.091103,-0.099856,0.076468,0.026734,-0.108127,0.006648,-0.016512,0.049784,-0.03969,0.008466,-0.151254,-0.146295,-0.42316,-0.126756,-0.045534,0.067577,0.049661,-0.057129,-0.286318,0.052252,-0.147416,-0.196165,0.049927,-0.084467,-0.071709,-0.476216,-0.029312,-0.03695,-0.130122,-0.022796,-0.500189,-0.193345,0.029082,0.041325,-0.100942,-0.320501,-0.182458,-0.021338,-0.127866
-0.052476,0.000288,-0.075676,0.069213,-0.039357,-0.042219,-0.089309,-0.174746,-0.061045,0.056994,0.040336,-0.023095,-0.049586,0.002838,0.05748,0.022281,0.013251,-0.087992,-0.059304,0.061078,-0.192748,-0.139663,-0.004878,-0.013576,-0.051817,0.013354,-0.100292,-0.026995,-0.064144,-0.25886,-0.018501,-0.036199,-0.14033,-0.284915,-0.071035,-0.202118,-0.002148,-0.078408,-0.241821,-0.137911,-0.007172,-0.000445,-0.066363,-0.323853,0.048005,0.041053,-0.269971
0.062026,-0.00813,0.014772,0.047092,0.082846,-0.074923,0.059195,-0.199563,-0.064314,0.088018,0.022863,0.028604,-0.016409,0.054361,0.106848,0.00927,-0.022263,0.175832,-0.082233,0.090175,0.237417,-0.013222,-0.023187,-0.019615,0.094675,-0.013832,0.268867,0.000503,-0.013067,-0.114346,0.004668,0.01402,0.078784,-0.020465,0.008816,-0.101622,0.078485,0.078231,0.019722,-0.011618,-0.00551,0.069978,-0.017796,0.047055,0.026356,-0.011002,-0.017187
-0.38427,-0.147521,-0.19543,-0.078465,-0.49435,-0.247338,-0.344011,-0.323954,-0.27586,-0.323998,-0.180302,-0.120054,-0.121629,-0.245221,-0.218234,-0.122657,-0.077482,-0.256254,-0.074682,-0.490945,-0.268985,-0.08885,-0.152603,-0.130059,-0.153687,-0.121743,-0.180744,0.068235,-0.41951,-0.328008,-0.13275,-0.327068,-0.228239,0.047706,-0.409826,-0.316695,-0.429812,-0.148272,-0.930683,-0.222401,-0.167036,-0.171056,-0.186534,-0.296765,-0.496799,-0.151127,-0.368805
0.13762,0.062135,-0.112846,-0.021554,0.035852,0.02409,0.060803,0.358842,-0.146451,0.0328,-0.014051,-0.046546,0.07264,-0.021475,0.051719,-0.06886,-0.022918,0.031183,0.14749,-0.015541,-0.303142,0.047736,0.024659,-0.032961,-0.047964,-0.028391,-0.025281,-0.004671,0.174188,-0.070956,-0.06188,-0.042147,-0.064517,0.139741,-0.01685,0.122386,0.039094,-0.095537,-0.483003,0.122175,-0.092315,-0.091578,0.080403,0.310229,-0.172288,0.062484,0.155598
0.128503,0.080498,0.114991,0.066109,0.038338,0.095181,0.075648,0.094917,-0.043296,0.105149,0.040043,0.072417,-0.091372,0.148571,0.113629,0.097297,0.056992,0.018506,0.28374,0.160282,0.442037,-0.079797,0.053296,-0.063635,0.061946,0.154335,0.275742,-0.037101,0.113286,0.096704,0.053562,0.153785,0.121722,-0.349987,-0.010264,0.360116,0.08754,0.151138,0.436151,0.211008,0.060798,0.134751,0.120867,0.326398,-0.043332,0.073454,0.177279
0.032049,0.05859,-0.053653,0.030524,0.159729,0.034816,0.149833,0.03128,0.264743,-0.024982,0.04961,-0.050156,-0.023608,0.066851,0.066212,0.060008,0.04164,0.136481,-0.00484,0.08328,0.431368,-0.018243,0.051122,0.067952,0.097297,0.044079,0.171683,-0.033583,-0.063581,0.229734,0.049461,-0.071993,0.055225,0.304444,0.165223,0.131869,-0.066137,-0.03487,0.331906,0.136951,0.089758,0.04747,0.061383,0.149589,0.110283,0.064684,-0.040712
-0.1007,-0.009473,0.014625,0.105754,-0.209961,0.009888,-0.108038,-0.086075,0.046626,0.055294,0.023661,0.094585,0.020269,0.030917,0.165831,0.039612,0.029062,0.093629,-0.020831,0.083074,-0.061818,0.07989,0.099339,0.021102,0.07799,0.037306,0.315223,-0.009007,0.044599,0.164474,0.081017,-0.052431,0.000558,-0.125637,-0.17063,-0.032022,0.074978,0.024576,-0.247015,-0.013818,-0.016436,0.031185,-0.114033,-0.041308,-0.015133,0.056351,-0.095615
-0.050051,0.056812,-0.062964,-0.033506,-0.336339,0.078445,-0.026673,-0.205635,-0.271666,-0.09456,0.015625,-0.036893,0.280374,-0.018065,0.097791,0.027784,-0.012445,0.13621,-0.072326,0.052991,-0.031895,0.112769,0.015354,0.024595,-0.054588,0.006589,0.032938,0.037739,-0.01285,0.015181,-0.079468,0.097072,0.091764,-0.089067,-0.023942,-0.009902,0.158509,0.037537,-0.05461,0.002886,0.056408,-0.024403,-0.029996,0.023573,-0.059979,0.041268,0.053056
0.008988,-0.027444,0.05278,-0.047497,0.068854,-0.059946,0.044435,-0.043325,0.065393,-0.232991,-0.087145,-0.091078,-0.057321,-0.020241,-0.059195,-0.068649,0.019956,-0.013088,0.006512,-0.160669,-0.04244,-0.034053,-0.003542,0.022278,-0.015686,-0.022826,-0.119711,-0.043355,0.093638,0.096102,-0.008276,-0.097443,-0.001301,0.026924,0.026823,0.001703,-0.22233,-0.071676,0.31104,-0.013682,-0.025468,-0.033811,0.046891,-0.100006,0.349195,-0.029394,-0.006076
0.081991,0.039427,-0.004141,-0.060052,0.311181,0.039166,0.129186,0.120647,0.031006,0.128451,-0.02853,-0.018317,-0.012623,-0.038706,0.124578,0.017459,0.028742,-0.035193,0.120582,-0.056676,0.024905,0.154092,-0.018472,0.100313,0.036986,0.12933,0.154575,-0.068976,0.168299,-0.077908,0.008923,0.092222,-0.025349,0.198969,0.0492,0.050944,0.085943,-0.071628,0.232902,0.104185,0.018481,-0.011928,0.092542,0.057844,0.11858,0.0397,0.06872
0.258037,0.095846,0.040547,-0.034348,0.109519,0.095754,0.070535,0.222934,0.241964,0.045458,0.061937,0.069116,-0.019179,0.003635,-0.007694,0.025006,0.036087,0.052797,0.19913,0.052597,0.333644,-0.134515,0.025874,0.006103,-0.0315,0.040366,0.23562,-0.030764,0.11065,0.328488,0.060567,0.075559,0.144766,0.015615,0.124735,0.21472,0.119308,-0.065922,0.151417,0.212275,0.054084,-0.003339,0.083663,0.358956,0.113746,0.034529,0.112166
-0.045406,-0.087553,-0.134916,-0.058739,-0.041945,-0.029037,-0.034766,-0.013059,-0.032333,0.209302,-0.063751,-0.029245,-0.010173,-0.004627,-0.055879,-0.024419,-0.058961,0.037706,-0.085872,0.056424,0.187553,0.171216,-0.123475,0.031427,-0.05625,-0.058532,0.001965,-0.057819,-0.028692,0.108513,-0.060224,-0.058664,-0.184732,0.065241,-0.013636,-0.054489,0.00773,0.019369,0.042052,0.013971,-0.022634,-0.052605,-0.042744,-0.043034,-0.118212,-0.024584,-0.11368
-0.044143,0.046803,0.042457,0.01018,0.039422,0.03972,0.055721,0.381832,-0.264766,-0.015812,0.053125,0.010137,0.068581,0.003871,0.147203,0.028812,0.000583,-0.013053,0.08915,-0.044047,0.269888,0.03419,-0.024596,0.031608,-0.02429,0.08996,0.259629,0.032125,0.082241,0.099738,0.001635,-0.01886,0.029753,-0.171626,0.010385,0.031632,0.11555,-0.057146,0.164209,0.145925,0.090952,-0.017279,0.198962,0.160885,-0.053123,0.051403,0.138554
-0.060284,-0.00248,0.004485,0.009086,-0.106177,0.006105,-0.002523,-0.133413,-0.074795,0.107116,-0.017141,0.066819,-0.016593,-0.045923,0.015691,0.004471,0.012961,0.077562,-0.034982,0.132905,-0.148582,0.102788,0.039212,-0.030955,-0.033893,0.094705,0.039235,0.040015,-0.101452,-0.04829,0.030398,0.040794,0.036704,0.205594,-0.01086,-0.101878,0.022882,0.021506,-0.032697,0.01284,0.038535,0.037902,-0.131982,-0.136053,0.120113,-0.033985,-0.033613
0.042454,-0.05979,0.000206,0.047827,-0.039813,-0.017417,-0.017227,-0.008872,-0.077243,-0.044238,0.016201,0.002165,-0.059433,0.023451,-0.03624,0.034868,-0.005968,0.145192,0.006808,-0.018804,-0.162901,0.085744,-0.016938,-0.094222,0.020728,-0.007495,0.01881,0.022979,-0.033312,0.154109,0.021707,0.038003,-0.041513,-0.050262,-0.044587,-0.099133,-0.023159,-0.029758,-0.16787,-0.003997,-0.005528,-0.0019,0.115832,-0.031639,-0.186269,-0.007404,-0.013495
0.030862,0.002105,-0.055514,-0.032291,0.043615,0.027404,-0.043884,-0.042285,-0.009103,0.006234,-0.014556,0.029068,0.056283,-0.015554,0.056464,0.009421,-0.018488,0.063915,-0.043225,-0.120302,-0.123192,-0.000631,-0.044263,0.022698,0.019032,0.058459,-0.159694,-0.013262,-0.013326,-0.140872,-0.038281,0.020124,-0.077404,-0.007769,0.050493,-0.069945,-0.241273,-0.018773,-0.176941,-0.017516,-0.007407,-0.003129,-0.068185,-0.218979,0.141789,-0.031191,0.009268
-0.003594,-0.025383,-0.013615,-0.00593,0.033492,0.064091,-0.038053,-0.086533,0.023785,-0.031689,0.051773,0.012033,0.088267,0.01039,0.180533,0.052883,0.02667,-0.05371,0.048694,0.036116,0.295543,-0.073398,-0.027419,0.050638,-0.032438,0.041541,0.012166,-0.012433,0.051456,0.122266,0.032588,-0.051272,0.015205,-0.011491,-0.06257,0.016622,0.031622,0.017173,0.155325,0.049966,0.107789,0.017322,0.033666,0.130059,0.060778,0.062358,0.040839
-0.004705,0.049859,-0.047149,-0.031332,0.1721,0.038501,0.090325,-0.019262,0.131714,-0.060242,0.026507,0.032898,0.114997,0.081591,0.190108,0.03176,0.010194,0.012104,0.119983,0.031515,-0.131679,0.060561,0.010926,0.111137,0.022435,0.04156,0.197416,-0.036899,0.131345,-0.011848,-0.007588,0.023299,0.024876,0.039886,0.033689,-0.0478,0.037646,0.00772,0.139969,0.058786,0.101186,-0.008412,0.010162,0.044571,0.205811,0.020235,0.047496
0.048587,0.05319,0.067209,0.064969,0.225844,0.134481,0.083722,-0.078257,0.015547,0.021899,0.157364,0.056322,0.155518,0.054834,0.265756,0.10745,0.053616,-0.021249,0.082837,0.140625,0.181716,0.134638,0.016271,0.170949,0.134541,0.059813,-0.030181,-0.019984,0.131425,0.104028,0.089181,0.097795,0.079808,0.130309,0.011639,0.09058,0.173938,0.096651,0.477059,0.112784,0.168884,0.020258,0.106704,0.137368,0.544089,0.066498,0.124814
0.047117,-0.038411,-0.093127,-0.208445,-0.057663,0.002193,0.045867,-0.044633,0.117381,0.121629,-0.03612,-0.056046,0.096263,-0.081873,0.000405,-0.069097,-0.098143,-0.11289,-0.081081,0.068642,-0.132807,0.102148,-0.058203,0.003184,-0.053665,-0.044675,0.010703,-0.037881,-0.107151,0.138105,-0.12832,-0.084599,-0.132024,0.236192,0.104686,-0.091573,0.037368,-0.012426,-0.086235,-0.143575,0.006665,-0.117147,0.151436,-0.02863,0.047416,-0.056011,-0.027538
0.124986,-0.025542,-0.049133,-0.045644,0.040631,0.057149,-0.030565,-0.202824,-0.166981,0.129644,0.098613,0.035176,-0.097094,0.094308,0.081848,0.08527,-0.034248,0.024644,0.055084,0.090591,-0.097519,0.168163,-0.027606,0.238593,0.114543,-0.026665,-0.15536,-0.078637,0.128183,0.070709,0.060751,-0.00013,-0.047548,0.06109,0.080301,-0.17446,0.140467,0.107545,-0.026422,-0.095072,0.205488,-0.023275,-0.043636,-0.259728,-0.048902,-0.025049,-0.028075
-0.111201,-0.010465,0.023462,0.000187,0.036167,0.084832,-0.004776,0.019982,-0.023724,0.010006,-0.016967,0.087579,-0.020141,-0.002759,0.026528,0.010281,0.069078,-0.062151,0.024441,-0.034979,-0.009118,-0.108311,0.063323,-0.100267,-0.066077,0.078847,0.109184,0.024038,0.023114,-0.009328,0.027749,0.006548,0.03482,0.048842,-0.105161,-0.011716,-0.004022,-0.080635,0.318894,0.000284,-0.050875,0.076979,0.038106,0.096595,-0.063582,0.094246,-0.052156
-0.095191,-0.029018,-0.055135,-0.030347,-0.14334,-0.038171,-0.074933,0.084457,-0.069822,-0.123062,-0.091337,-0.096318,-0.127483,-0.075869,0.028424,-0.034063,-0.044634,-0.176282,-0.100596,-0.203192,-0.141926,-0.174966,-0.096429,-0.028434,-0.068849,-0.078577,-0.12203,-0.095369,-0.116874,-0.081458,-0.035063,-0.062249,-0.012389,-0.052114,-0.051518,-0.07654,-0.168468,-0.092351,-0.020973,0.057491,-0.010896,-0.03564,-0.121453,-0.0656,0.220808,-0.033811,-0.097975
-0.066979,-0.037921,0.033337,0.035111,-0.015955,-0.019793,0.014399,0.007987,-0.177026,-0.021464,-0.032444,0.064842,0.011148,-0.031237,-0.095888,0.02594,-0.036336,0.100026,-0.123841,0.018986,-0.307863,-0.127315,-0.056648,0.03973,0.041566,-0.052667,-0.015523,0.057177,-0.11076,0.029589,0.025442,0.038998,-0.099127,-0.241902,-0.108212,-0.102586,-0.003111,-0.007367,-0.163229,-0.207986,-0.045798,0.052734,0.020449,-0.235582,-0.146467,-0.027757,-0.029163
0.059491,0.131844,0.031873,0.063384,0.114721,0.117688,-0.038357,0.12349,-0.128219,-0.065984,-0.003882,-0.001979,-0.151109,0.026303,-0.020182,0.036533,0.007291,-0.0845,0.072517,-0.032937,0.109945,0.09578,-0.029159,0.068589,0.064446,0.066076,0.129873,0.015223,0.114917,-0.111423,0.052888,0.07819,0.054081,-0.033735,0.027876,0.008412,0.009637,0.05521,-0.084431,0.125689,-0.01696,0.036932,-0.077663,0.039914,-0.126294,0.022778,0.058682
-0.045432,-0.06451,-0.001687,0.009833,-0.011164,0.029231,-0.045161,-0.019155,0.129967,0.076989,-0.004706,0.020138,-0.107774,-0.027556,-0.132841,-0.016972,0.005008,-0.044581,0.063439,-0.053481,-0.06828,-0.116166,-0.065095,0.01185,-0.044138,-0.122798,-0.175388,-0.108392,-0.02408,-0.049427,-0.045565,-0.011774,-0.028758,-0.0031,-0.047891,-0.155621,-0.047808,-0.023422,0.112598,-0.000525,-0.036739,0.002414,-0.026286,-0.252182,-0.070689,-0.019001,-0.022417
-0.033561,0.008729,-0.029591,-0.018687,0.022397,0.083618,0.015969,-0.041602,-0.150172,-0.106452,-0.048016,0.05586,-0.028022,-0.020782,-0.026331,-0.025298,0.008817,-0.17373,0.007152,-0.088638,0.010831,0.043217,0.004328,0.132716,-0.01439,0.062301,-0.032474,0.035718,0.045737,-0.009757,-0.002742,0.057064,-0.078564,-0.047424,0.026068,0.078998,-0.051561,-0.03756,0.175057,0.032669,-0.012824,-0.023522,-0.06598,0.129502,-0.09301,0.04977,0.098342
-0.041767,-0.046733,0.003611,-0.043178,-0.066658,-0.10719,-0.023086,-0.133081,-0.002837,-0.084206,-0.054664,-0.019791,-0.110289,0.009041,-0.091849,-0.066449,-0.029599,0.131999,-0.087371,-0.059366,-0.148691,-0.115717,0.070974,0.026197,-0.061217,-0.051416,-0.132888,-0.015163,-0.082438,-0.128674,-0.040517,-0.021981,-0.10955,-0.045192,-0.112017,-0.080473,-0.124479,-0.016369,-0.198939,-0.089663,-0.140649,-0.057459,-0.175288,-0.219189,-0.177356,-0.056857,-0.066314
-0.074323,-0.068354,-0.057347,-0.016342,-0.081563,-0.092233,-0.041895,-0.048198,0.005955,0.004565,0.006288,-0.047428,-0.097579,-0.07727,-0.00581,-0.024806,0.005269,-0.125538,-0.071566,-0.05457,-0.130505,-0.090601,0.00148,-0.12898,0.022213,-0.060226,-0.209605,-0.05174,0.020916,0.062568,-0.009348,-0.028311,-0.082854,-0.039231,-0.060483,-0.188331,-0.115388,-0.103372,-0.063151,-0.00195,-0.070461,0.007836,-0.138874,-0.03325,0.157948,-0.008092,-0.086591
-0.099893,0.020186,-0.040272,-0.03649,-0.119314,-0.094781,-0.004044,-0.14303,-0.015282,-0.197566,-0.077394,-0.05136,0.057002,-0.076399,0.012422,-0.048241,-0.062463,-0.141377,-0.038035,-0.195786,0.022705,0.069938,-0.027908,-0.145446,0.017993,-0.042938,-0.067831,-0.043192,-0.107609,-0.026026,-0.009512,-0.038149,0.055762,-0.193482,-0.078279,0.101326,0.092486,0.005179,-0.351691,-0.019798,-0.104327,0.040257,-0.080221,0.040158,-0.412173,-0.0833,-0.072428
0.034568,0.032956,0.089844,0.084853,0.128599,0.020704,0.000531,0.008163,-0.050049,0.262983,0.080491,0.035552,-0.037899,0.079862,0.064189,0.075119,0.06434,0.110655,0.09378,0.220982,-0.102074,-0.005224,0.066348,0.103372,0.020225,-0.063264,-0.038781,0.025722,-0.026202,-0.074247,0.048599,0.042065,-0.004901,0.167748,0.013709,0.089518,0.187876,0.075818,0.026305,0.004865,0.029711,0.08753,-0.084731,-0.04896,0.093064,-0.002583,0.107435
0.256424,0.039596,0.029129,-0.026466,0.110536,0.047164,0.081688,0.135369,0.145958,0.063972,0.036633,0.110932,0.032214,0.086819,-0.186713,0.001945,-0.01693,-0.042705,0.028656,0.053625,0.098051,0.084236,0.015382,-0.005238,0.017311,-0.012022,0.242634,-0.047217,0.14047,0.075361,-0.006778,0.017525,0.091703,-0.057908,0.11193,0.17136,-0.012254,0.060963,0.177424,0.000637,0.074887,-0.021403,0.256416,0.26909,0.142866,0.035014,0.057934
-0.210446,-0.049231,0.062949,0.001177,-0.109075,-0.174448,-0.079419,-0.095654,0.024519,-0.105642,-0.086102,-0.09479,-0.124348,-0.058321,-0.382302,-0.118834,-0.071792,-0.052102,-0.02311,-0.198318,-0.01167,-0.037063,-0.012613,-0.156521,-0.105845,-0.046117,-0.076961,0.103916,-0.074181,-0.023673,-0.067173,-0.016575,-0.062032,-0.052235,0.002557,-0.052805,-0.126408,-0.063125,-0.087602,-0.023633,-0.177619,-0.068324,-0.075246,-0.038568,-0.531772,-0.094913,0.002608
0.017417,-0.116146,-0.050527,-0.0944,-0.129672,-0.097625,-0.030779,-0.177484,-0.13565,-0.102738,-0.111002,-0.106003,-0.088874,-0.057348,0.011203,-0.072162,-0.050957,-0.058219,-0.115642,-0.122661,-0.206585,-0.195293,-0.08147,-0.20937,-0.06505,-0.033347,-0.158782,-0.047412,-0.036448,-0.093416,-0.095509,-0.082389,-0.000465,-0.088071,-0.008317,-0.132347,-0.078725,-0.095501,-0.00781,-0.184813,-0.254571,-0.106091,-0.015519,-0.19026,-0.200086,-0.066827,-0.159863
-0.027522,0.110916,0.0231,-0.013234,0.038235,0.068465,0.049851,0.095582,0.013933,-0.008041,0.062995,0.018562,0.036409,0.045922,0.280432,0.086078,0.059516,0.081288,-0.005567,0.053974,-0.177508,-0.023021,0.039526,0.126604,0.04869,0.065549,0.130967,-0.077119,0.089258,-0.110138,0.065308,0.066477,0.093815,0.035177,-0.093997,-0.038331,0.048423,-0.00241,0.086818,0.009397,0.128939,0.020099,-0.07322,0.014916,0.368921,0.074128,0.109078
0.010368,0.005144,-0.081251,-0.062546,-0.055341,0.017155,0.06968,0.019126,0.220105,0.04079,-0.071858,-0.00185,0.048506,-0.069957,-0.120244,-0.073197,-0.035831,-0.125926,-0.018745,0.023903,0.20654,0.035937,0.031516,-0.049814,-0.095965,-0.002428,0.073003,-0.036691,0.075774,-0.025908,-0.047762,-0.019999,-0.103178,-0.041433,0.066768,0.017791,0.017627,-0.111125,0.157977,-0.049963,-0.057165,-0.013809,-0.072207,0.0083,-0.14118,0.004489,0.055998
-0.068072,0.027865,-0.024124,0.023843,-0.019008,-0.040813,-0.068292,0.031859,0.029336,-0.040062,-0.00791,-0.017466,-0.091231,-0.074328,-0.211968,-0.042094,-0.036001,-0.135059,-0.055658,-0.038821,0.046974,-0.056683,0.028027,-0.011025,-0.051265,-0.061545,-0.058099,-0.043784,0.013617,0.035316,-0.023959,-0.035481,0.015682,-0.046044,0.069831,-0.009037,-0.146873,-0.072131,-0.016967,0.015123,-0.057203,-0.041218,-0.036163,0.022409,-0.060704,-0.023806,-0.039593
-0.236901,-0.052973,0.069934,0.063706,-0.079227,-0.005164,-0.048821,-0.145553,-0.033609,-0.073117,0.003718,0.033742,-0.115564,-0.010761,-0.022862,0.004483,0.000556,0.001421,-0.00244,-0.020169,0.187078,-0.038424,-0.022942,-0.002128,0.021164,-0.077456,-0.074953,-0.045963,-0.034324,0.119644,-0.008671,-0.009667,0.034141,-0.13145,-0.030219,-0.045329,-0.125727,0.03632,-0.104235,-0.013878,0.008764,-0.009691,-0.116354,-0.108523,-0.166404,-0.010373,-0.125721
0.002112,0.002549,0.004849,0.019735,-0.092042,-0.057319,0.035716,-0.244312,0.01954,-0.022401,-0.073935,-0.056293,0.015569,0.017137,-0.255047,-0.034788,-0.014423,0.056083,-0.076093,-0.034639,0.045271,-0.018906,-0.023374,-0.114477,-0.01031,-0.025378,0.032429,0.079629,-0.026377,0.048044,-0.01128,-0.014599,0.033685,0.028418,0.049764,-0.049014,-0.04773,-0.034909,0.04917,0.007207,-0.058148,-0.003726,0.035062,0.178754,-0.04063,-0.070291,0.041053
-0.269985,-0.13825,-0.098979,-0.10044,-0.183272,-0.099496,-0.194755,-0.041127,-0.107728,-0.091418,-0.177279,-0.092331,-0.107905,-0.120933,-0.006699,-0.124302,-0.070041,-0.217619,-0.169017,-0.017488,-0.217923,-0.15133,-0.131251,-0.206836,-0.148233,-0.101127,-0.177341,-0.035339,-0.171854,-0.11387,-0.143553,-0.161106,-0.188766,-0.173017,-0.023786,-0.085416,-0.105073,-0.003169,-0.161151,-0.230827,-0.175957,-0.047252,-0.244767,-0.200353,-0.375039,-0.080587,-0.172583
-0.107853,0.083195,-0.071118,-0.034217,0.053565,0.000326,0.005252,0.024497,-0.073947,0.157051,0.043036,0.019851,-0.029116,0.041862,0.225788,0.04892,0.01817,0.096676,0.030459,0.112966,-0.107426,0.06422,0.018428,0.083939,0.031399,-0.00198,0.14564,-0.064397,0.060382,-0.029673,0.003103,0.013618,0.069035,0.316823,-0.050935,-0.134037,0.225572,0.034374,0.117687,0.008892,0.073395,0.00223,0.100597,-0.041521,0.190522,0.013467,0.018443
-0.040733,0.070534,0.048174,0.031815,0.090735,0.086695,0.089934,0.092754,0.129336,0.053785,0.084138,0.01093,-0.089649,0.064599,0.095102,0.029052,0.019536,0.057769,0.119242,0.057472,-0.038505,0.097074,0.046734,0.104657,0.018117,0.010833,0.225711,0.039683,0.033954,0.058689,0.042963,0.046969,0.092361,-0.06239,0.005086,0.100957,0.022277,-0.009485,0.116597,0.07264,0.136597,0.021542,0.128447,0.135169,0.211381,0.072689,0.026346
0.424723,0.01095,0.010577,0.051465,0.12907,0.014082,0.028531,0.003351,0.083525,0.085485,0.030086,0.001045,-0.067353,-0.001482,0.077851,0.031232,0.022982,-0.037844,0.049622,0.019623,0.060472,0.001319,0.04987,0.050351,0.012863,-0.070041,0.073987,-0.011567,0.077561,0.081937,0.025089,0.046787,-0.021232,-0.158598,0.043388,0.036755,-0.009285,-0.001239,0.098486,0.101259,0.027538,0.019984,0.19703,-0.020791,0.190681,0.005135,-0.040282
-0.254576,0.002682,0.003526,-0.055533,-0.071739,-0.008256,-0.051212,-0.098937,0.089908,0.033198,-0.047805,-0.054663,-0.104756,-0.083881,-0.088314,-0.065751,-0.043584,-0.038699,-0.017894,0.107333,0.199961,0.017075,-0.14802,-0.050851,-0.03614,-0.081578,0.072531,-0.069853,0.083649,0.051224,-0.039775,-0.03896,0.04265,0.272197,0.084062,0.155408,0.121438,-0.06727,0.087413,0.113871,-0.100099,-0.057102,0.045645,0.173429,0.067069,-0.015247,0.042123
-0.146413,0.003493,0.028777,-0.010822,0.133068,-0.011628,0.004517,0.008013,-0.136471,-0.025617,-0.01328,0.023711,0.092264,0.014098,-0.050212,0.008487,-0.009059,-0.10689,-0.040156,-0.036908,0.011747,0.059143,-0.096318,-0.129842,-0.002308,0.040502,0.094264,-0.011364,-0.025823,-0.016955,0.002721,0.037043,-0.025998,0.128425,0.057067,0.025052,-0.076447,-0.021178,-0.079458,-0.039626,0.021099,0.028466,-0.048656,0.077064,-0.223534,-0.021324,0.050817
-0.228252,0.029416,0.065997,0.02338,-0.012176,0.033534,0.034194,0.053806,0.03701,0.078681,0.0763,0.029537,0.054265,0.02039,-0.00208,0.05158,0.040044,-0.020815,0.053791,0.035915,0.11477,-0.009932,0.061977,0.000758,0.061663,0.052077,0.083308,0.002285,0.099789,0.077925,0.083418,0.080358,0.033277,-0.000416,0.034521,0.005965,-0.011811,0.048792,0.159336,0.049218,0.037511,0.059683,0.085877,-0.007124,0.094332,0.03577,0.008846
-0.134445,-0.013103,0.069172,0.041367,-0.015238,-0.008416,-0.00914,0.038073,0.031597,0.095252,-0.033117,-0.041197,-0.07099,0.024609,-0.191911,-0.016821,0.001643,-0.014674,0.049872,0.101664,0.170573,-0.042679,0.016114,-0.192419,0.002878,0.056575,-0.000115,-0.023387,-0.019473,0.051779,-0.009719,-0.000784,0.001564,-0.008571,-0.013836,-0.088455,0.028876,-0.001555,0.086689,-0.031537,-0.116938,0.023736,-0.022428,-0.01207,-0.027596,-0.067926,0.081813
-0.350539,0.059647,-0.006899,0.008199,-0.080034,0.020047,-0.064311,0.007906,0.028821,0.044562,-0.017113,0.022385,-0.003112,0.004433,-0.071192,-0.003966,-0.018843,0.081252,-0.050207,-0.042117,0.068673,-0.066478,0.04814,0.048386,-0.032093,0.060432,0.002418,0.001604,-0.089268,-0.072466,-0.000975,0.012764,0.114391,-0.175834,0.051733,-0.050957,0.027979,0.007448,0.006484,-0.025058,-0.014759,0.035458,-0.040649,0.120446,-0.167334,-0.009036,0.095581
0.071977,-0.054555,0.011459,-0.024164,-0.20457,-0.060203,-0.102128,-0.034759,0.017814,-0.020214,-0.031875,0.012043,-0.028468,-0.096643,0.013105,-0.032233,-0.044969,0.015274,-0.062391,-0.089903,-0.064891,0.028424,-0.060725,-0.043608,-0.005221,-0.053671,-0.039445,-0.013264,-0.109905,-0.015039,-0.031292,-0.028956,-0.022062,0.071373,-0.106687,-0.142181,-0.151574,-0.018801,-0.109115,-0.065824,-0.026251,-0.040613,-0.090919,-0.056531,-0.238381,-0.080627,-0.107282
0.059468,-0.077898,-0.100958,-0.146527,-0.344513,-0.120367,-0.020677,-0.047902,-0.113139,0.065794,-0.180834,-0.13645,-0.005998,-0.116811,-0.15552,-0.145437,-0.071311,-0.085326,-0.042229,-0.026426,-0.102337,-0.080957,-0.130174,0.032262,-0.106772,-0.072021,-0.027403,-0.05682,-0.073954,-0.004271,-0.195788,-0.106416,-0.082537,0.040002,-0.094191,-0.034131,-0.139714,-0.131088,-0.10509,-0.021185,-0.158123,-0.128083,-0.069016,-0.056874,0.030044,-0.075741,-0.173124
0.03694,0.020397,-0.001085,0.006649,0.205052,0.011137,-0.018241,-0.019678,-0.003537,-0.005786,0.004327,0.031638,-0.008361,0.041867,0.040099,-0.015996,-0.016552,0.004031,-0.054372,0.09512,-0.034694,0.057204,0.043186,0.001958,0.013887,-0.010786,0.004143,0.031056,0.024865,-0.010895,0.00888,-0.018567,0.050984,0.160327,0.089001,-0.03947,0.077012,0.000159,0.032123,-0.006135,-0.00534,-0.001341,-0.05145,-0.037802,-0.059474,0.003181,0.030963
-0.029929,-0.061885,-0.061258,-0.181532,-0.360759,-0.085811,-0.143512,-0.089118,0.045014,0.010718,-0.279071,-0.144786,0.019722,-0.176569,-0.040748,-0.16648,-0.111216,-0.146919,-0.078129,-0.063487,-0.067106,-0.05084,-0.149714,-0.083125,-0.148315,-0.04864,-0.152968,-0.053018,-0.116525,-0.109298,-0.196203,-0.137953,-0.014908,-0.034304,-0.061398,0.014104,-0.073266,-0.215136,-0.007448,-0.124008,-0.185303,-0.068033,-0.164227,-0.095741,-0.090189,-0.121278,-0.006675
0.081095,0.050696,0.014663,0.082148,0.24978,0.028738,0.054518,0.004436,0.140645,-0.026227,0.13086,0.027043,-0.036874,0.136065,0.199915,0.122159,0.074012,-0.041416,0.0332,0.036447,-0.193135,-0.004368,0.116507,0.025688,0.079671,-0.072255,0.049909,-0.021087,0.062988,0.039815,0.121549,0.048922,0.064533,0.127917,0.052842,-0.122608,0.166471,0.103215,0.07924,0.091477,0.149416,0.033374,0.104366,0.084887,0.148653,0.085502,0.038925
0.043338,0.02195,-0.002432,0.040739,0.00092,0.055647,0.049741,0.040294,0.017947,0.107772,0.055115,0.0398,-0.010899,0.094799,0.124188,0.041386,0.027204,0.026239,0.055867,0.101335,0.112385,0.098808,0.039207,0.124806,0.088989,0.039174,0.120113,0.041406,0.046191,-0.043422,0.057225,0.081116,-0.015878,0.011113,0.075455,-0.031539,0.024895,0.120831,-0.00155,-0.054748,0.13462,0.024707,0.020856,0.03613,0.343077,0.056705,0.091818
0.13811,-0.019188,0.113234,0.027903,0.088,-0.009731,0.022083,-0.038511,0.012067,-0.01553,-0.079857,0.004212,0.046644,-0.047236,-0.151719,-0.028055,-0.023015,-0.003052,-0.078418,0.034739,0.106895,0.052204,-0.069676,-0.11308,-0.021633,-0.025879,-0.135109,0.036519,-0.045516,0.024682,-0.055289,-0.023084,0.036528,0.207007,0.068677,-0.054781,0.001026,0.006405,-0.018753,-0.026707,-0.113705,-0.026208,-0.062132,-0.008098,-0.330681,-0.064015,0.055334
0.080886,0.017793,0.019783,-0.05705,-0.042332,0.026491,-0.023886,0.046705,-0.033294,0.029762,-0.027398,-0.044875,0.064281,0.006189,-0.105457,-0.034014,-0.07383,-0.008426,0.005655,-0.038418,-0.133024,-0.042284,0.02814,-0.009512,-0.015265,-0.041447,-0.044478,0.047822,-0.054196,0.03796,-0.064726,-0.058438,0.041299,-0.087031,0.060054,0.041686,-0.049601,-0.016328,-0.055366,-0.044735,-0.013852,-0.034761,0.114602,0.069475,0.072132,-0.025775,-0.038415
0.106438,-0.017122,0.014446,-0.121573,-0.041584,0.032717,0.00319,-0.022071,-0.017303,0.018395,-0.072223,-0.046235,-0.092095,0.011964,-0.038017,-0.050248,-0.021681,-0.049862,-0.012921,-0.018431,0.037542,0.013982,-0.037685,0.004502,0.030602,0.005637,-0.06516,0.049575,-0.023559,-0.028874,-0.076728,-0.104105,-0.007248,-0.054375,-0.015576,-0.066481,-0.037597,-0.081828,0.097369,-0.010402,-0.006182,-0.054406,-0.12835,-0.030594,0.082401,-0.017327,0.007048
-0.012796,0.029426,0.015848,-0.011079,0.120468,-0.015124,0.021864,-0.03971,0.015227,0.034543,-0.038574,0.074565,-0.030145,-0.008218,0.005314,-0.037882,-0.008446,-0.105262,-0.058913,0.027813,0.010989,-0.077563,0.047236,0.072946,-0.082162,-0.050974,-0.10228,-0.040715,0.011932,-0.023067,-0.031118,0.005669,0.009862,0.113378,-0.020563,0.024551,-0.058092,0.030834,-0.065057,-0.015072,-0.025096,-0.009247,-0.014833,0.024761,-0.285539,0.007917,-0.063277
0.115559,0.075904,0.071381,0.161604,0.181961,0.060837,0.182823,-0.014206,0.07377,0.066906,0.202033,0.114705,0.130548,0.130333,0.176829,0.14238,0.095737,0.186719,-0.008434,0.123163,0.180119,-0.047204,0.104254,0.137636,0.126432,-0.007919,0.132788,0.079859,0.13632,-0.011175,0.108524,0.135222,0.050541,0.013144,0.050852,0.066693,0.102381,0.052862,0.19119,0.003599,0.168282,0.10002,-0.028136,0.015144,0.281503,0.079025,0.048448
-0.007338,0.031034,0.039032,0.070515,0.021554,0.080554,0.022686,0.112511,0.149101,0.125729,0.055372,0.06653,0.109244,0.045123,0.047473,0.058769,0.056477,0.056667,0.068031,0.050322,0.158479,0.074875,0.032512,0.107299,0.099516,0.046932,0.059162,0.060701,0.02043,0.064193,0.056077,0.082048,0.081933,0.043355,0.05837,-0.0182,0.085581,0.094057,0.118856,0.07995,0.039445,0.05835,0.099146,0.116154,0.079902,0.050502,0.030924
0.115241,0.033183,0.031156,-0.008181,0.001008,0.024183,0.022909,0.059745,0.021048,-0.09935,0.046193,-0.004283,0.036843,0.031027,-0.056644,0.009787,0.00673,0.091236,0.012914,-0.17013,0.025518,0.130559,-0.01803,0.08928,-0.032624,0.070894,0.076038,0.041028,0.03552,0.035228,0.007609,-0.000226,0.055584,0.064808,-0.00437,0.151968,-0.000728,-0.009001,0.074351,0.055497,0.006638,-0.001331,0.068907,0.100419,-0.019226,0.010898,0.038537
-0.050213,-0.003378,-0.008564,0.022777,0.051387,0.002529,0.073691,0.093281,0.018924,0.031131,0.05753,-0.020438,-0.073974,0.008799,-0.02843,0.017348,0.004709,0.115154,0.061507,0.041351,-0.062888,0.059436,0.000277,-0.052652,-0.002566,0.039756,0.102629,-0.026049,0.041981,0.043014,0.037973,0.061203,-0.036592,0.125703,0.059198,-0.003636,0.11039,-0.032926,-0.078048,0.070619,0.062,0.038637,0.108408,0.025767,-0.02412,0.017039,0.064558
-0.020679,0.020665,-0.004798,-0.016762,0.095321,0.049288,0.045216,0.062166,-0.006554,0.066895,-0.016858,0.084539,0.103019,-0.016737,0.060981,0.007295,-0.013832,0.003727,0.112019,0.101113,0.017886,0.115278,0.012462,0.013284,-0.032928,0.100051,0.056026,0.021005,-0.016977,0.027494,0.015258,0.017153,0.014371,0.108155,0.050857,-0.054968,0.127464,0.024408,0.129736,0.033276,0.016931,-0.009171,0.081042,0.097643,0.123232,0.016987,0.058496
0.116821,0.033497,0.056344,0.059237,0.017872,0.015824,0.095792,0.000423,0.004207,0.021827,-0.007343,0.036967,0.167042,-0.003857,-0.041259,0.004265,0.032754,-0.025362,0.050456,0.054124,0.167625,0.054341,0.022253,-0.008545,0.037612,0.054315,-0.066434,0.031567,0.017268,-0.018952,-0.013445,-0.00928,0.050676,-0.107383,0.059254,0.090969,-0.106981,0.086302,0.063621,0.02838,0.033014,0.042225,0.005758,0.084815,0.14742,-0.012989,0.008875
0.051088,0.080767,0.053445,0.046738,0.096162,0.064208,0.104146,0.140162,0.065902,0.038686,0.112488,0.061658,0.102303,0.062017,0.101162,0.066124,0.064531,0.045206,0.040766,0.045323,0.027675,0.099125,0.028935,0.046765,0.047748,0.044686,0.108023,-0.017204,0.024911,0.119561,0.057721,0.1194,0.020236,-0.070173,0.12573,0.065979,0.041638,0.024916,-0.069374,0.057242,0.082089,0.021963,0.066365,0.05874,0.135746,0.054016,0.094076
0.010352,-0.009636,0.070644,0.034611,0.046804,0.028052,-0.034316,0.009828,0.070229,-0.015014,0.051813,-0.00469,0.011985,0.047016,0.05384,0.050342,0.02551,0.059772,-0.008176,-0.029596,-0.010686,0.023964,0.015245,0.050845,0.076797,-0.031467,-0.001745,0.053021,0.036415,-0.042504,0.034501,0.043358,0.06667,0.059011,0.147304,-0.07593,-0.049061,0.084488,0.05894,-0.007772,0.03413,0.051964,-0.060297,0.019189,-0.068263,0.007975,0.071609
0.180397,0.080305,0.076403,0.08679,0.158679,0.05137,0.072107,0.144985,0.102516,0.113444,0.107863,0.064856,0.063457,0.119793,-0.020987,0.086451,0.071763,0.120349,0.018275,0.082872,0.111243,0.14893,0.09676,-0.009404,0.04563,0.066656,0.027592,0.057217,0.030911,0.00509,0.087869,0.07156,0.058808,0.062253,0.062258,0.106556,0.120329,0.073363,0.06627,0.043692,0.078575,0.076289,0.023952,0.269727,0.274101,0.049016,0.014761
0.061592,-0.0015,0.084147,0.043906,-0.045728,0.00953,-0.020841,-0.006474,0.182477,-0.007178,0.008971,0.044573,0.168854,0.005801,0.121609,0.007435,-0.003456,0.053397,0.092964,0.052333,0.096931,-0.02535,0.037184,0.073715,0.020204,0.017906,0.089123,0.002061,0.081655,0.040753,-0.004222,0.007724,0.034488,0.049791,-0.125147,0.04185,0.01222,0.02247,0.061179,0.048714,0.037092,0.025788,0.083954,-0.088592,-0.033171,0.016868,-0.009127
0.028991,0.041906,0.024508,0.041826,0.036125,0.020496,0.078389,0.060396,0.066793,0.151343,-0.008334,0.056482,-0.038438,0.037507,0.061481,0.025125,0.041635,0.006263,0.031613,0.0573,0.001393,-0.01282,-0.008505,0.039867,0.010904,-0.003143,0.031906,0.067666,0.054011,0.076595,0.015627,0.097806,0.013709,-0.009016,0.014853,-0.037789,0.040584,0.085542,0.083271,0.011016,0.050866,0.003192,0.038721,0.01583,0.090397,0.010402,0.056474
0.012188,0.010173,0.043893,-0.055619,-0.009445,-0.006259,-0.084211,-0.088063,0.092166,0.038197,-0.048543,-0.052687,0.051952,-0.043246,-0.059122,-0.036254,-0.031904,-0.033434,-0.065987,0.105066,-0.043763,0.02315,0.019647,-0.012348,-0.034839,0.121748,0.033033,0.005094,0.043741,0.013985,-0.052752,-0.011246,0.012427,0.022129,0.168367,-0.041096,0.028112,-0.019762,0.113292,-0.00467,-0.02113,-0.025243,-0.025949,-0.071348,0.061277,-0.017318,0.029872
-0.132635,-0.061983,0.004834,0.002607,-0.16534,-0.087941,-0.039482,-0.148386,0.099704,-0.032759,-0.003654,-0.017207,0.07852,-0.012681,-0.251394,-0.012569,-0.009019,0.049694,-0.05328,-0.02335,0.073122,-0.016806,0.007269,0.007399,0.013199,-0.055951,-0.0657,0.012609,-0.075585,-0.073945,-0.015933,-0.041075,-0.05655,0.013294,-0.205984,0.097332,-0.042038,-0.030098,-0.174758,-0.020549,-0.014749,0.005657,-0.069495,-0.016146,-0.193489,-0.016618,-0.147687
-0.081532,0.004307,-0.003696,0.00628,-0.018384,0.024756,-0.016874,0.060341,-0.139719,-0.010456,2.81E-05,0.004368,-0.087206,-0.000838,-0.010707,0.01694,0.018599,-0.013815,-0.007511,0.036211,-0.115351,-0.176941,0.008391,0.004008,-0.008564,-0.036205,-0.068882,0.001578,0.001864,-0.04638,0.015205,0.04268,-0.017566,-0.022203,0.047836,-0.028033,0.009116,-0.024875,-0.056779,-0.026872,0.012996,0.007419,-0.027814,-0.010866,-0.112154,0.011622,0.070679
0.015005,-0.004781,0.05467,0.022973,0.047087,0.040097,0.033607,-0.008708,-0.006528,-0.003694,0.026716,0.056556,0.014158,0.011644,0.040688,0.013775,-0.002371,-0.023793,-0.001234,0.007106,-0.01292,0.001532,0.046942,0.056542,0.0248,0.052149,-0.024862,-0.016055,0.015378,0.009034,0.018385,0.036422,0.051486,-0.044769,-0.008453,0.044853,0.049951,0.026275,-0.006103,0.013613,0.030453,0.000258,-0.033042,0.005875,0.079385,0.017246,0.009586
0.038472,0.001018,0.01602,-0.01294,0.079119,-0.000119,0.02737,0.003492,0.029023,-0.01981,-0.050378,-0.019109,0.095503,-0.029602,-0.132594,-0.03153,-0.010796,-0.030706,0.013262,0.012413,0.063767,0.064828,-0.030235,-0.119571,-0.024711,-0.061133,-0.086943,0.001244,-0.017259,0.013529,-0.051557,-0.020094,0.040944,-0.001185,-0.002624,-0.004943,-0.020007,-0.047451,-0.085138,0.026351,-0.045132,-0.034714,-0.092289,-0.024156,0.094549,-0.035893,0.009867
0.020341,0.012905,-0.001528,0.045788,0.059348,-0.00116,0.070618,0.004103,0.055535,0.044641,-0.018937,0.017445,0.09901,5.85E-05,0.009196,-0.001693,-0.001412,0.01386,0.066664,0.048112,-0.020646,-0.002408,0.030811,-0.054013,-0.009838,0.00708,0.090415,0.019023,0.012567,-0.008991,-0.009067,0.022901,-0.001793,-0.014858,0.037779,-0.021705,0.020436,0.008215,0.090194,0.012788,0.016373,-0.012042,0.06351,-0.015315,0.01431,0.00335,0.033114
0.177443,0.059612,0.046486,0.072509,0.090443,0.07174,0.03507,0.062336,0.151546,0.104148,0.051449,0.060397,0.193899,0.038688,0.105528,0.033336,0.029997,0.041193,0.011665,0.064487,0.117296,0.077682,0.046068,-0.012588,0.055376,-0.026572,0.035486,0.0017,0.054657,0.028541,0.021202,0.109294,0.060171,-0.025309,0.062706,0.118744,0.087601,0.060087,0.072995,0.048154,0.075207,0.024487,0.000854,0.034818,0.074162,0.009447,0.077007
0.010377,0.058068,0.054996,0.057235,0.00669,0.060163,0.020664,-0.024813,0.045141,0.060956,0.039821,-0.008992,0.089378,0.08037,0.085519,0.04076,0.023333,0.099609,-0.004889,0.087771,0.059207,0.036076,0.033393,0.019885,0.056314,0.024879,0.019707,-0.164889,0.052702,0.00965,0.041024,0.024063,-0.009543,-0.050205,0.02968,0.039944,0.06321,0.029979,0.04168,0.007004,0.013926,0.018584,-0.002693,-0.007673,0.063756,0.013919,0.038727
0.03482,0.076137,0.124574,0.062665,0.09838,0.038619,0.064247,0.095758,0.210199,0.170935,0.084533,0.073606,0.006474,0.074016,0.083262,0.055861,0.058866,0.104283,0.08414,0.122123,0.1549,0.114963,0.077573,0.083951,0.073019,0.046953,0.101601,0.094993,0.071024,0.059656,0.064175,0.127177,0.097395,0.079261,-0.000847,0.004808,0.084714,0.051643,-0.063818,0.028324,0.118423,0.070947,0.061904,0.095825,0.013398,0.038475,0.130639
0.034639,0.040366,0.07704,0.046216,0.087857,0.016573,0.051115,-0.017964,0.027517,0.072353,0.052443,0.037276,0.110804,0.064854,-0.015157,0.039769,0.030989,0.078719,0.021452,0.059109,-0.005521,0.068445,0.061937,0.081769,0.075457,0.049643,0.027096,0.13726,0.076677,-0.010781,0.045272,0.007284,0.035625,0.085664,-0.020337,0.002105,0.12726,0.035622,-0.036066,0.028716,0.018257,0.044634,0.065653,0.04048,0.173011,0.032864,0.042066
-0.000822,0.00727,-0.023651,-0.020534,-0.027099,-0.041167,-0.052117,-0.022016,-0.02066,0.045072,-0.041968,-0.027423,0.350765,-0.029698,-0.032656,-0.016848,-0.007677,-0.000118,-0.042416,0.013168,0.055558,-0.017754,-0.024776,-0.012669,-0.023398,-0.023517,0.060639,-0.032191,0.001436,0.015255,-0.004379,-0.031155,-0.018494,0.098666,0.002007,0.120538,-0.066257,0.008635,0.029638,0.017129,-0.049087,-0.031421,-0.030974,0.041806,0.085508,-0.026034,-0.060534
0.219569,0.047007,0.086771,0.052759,0.160385,0.061025,0.06925,0.071463,0.121312,0.124071,0.03978,0.074479,0.099767,0.033667,0.071791,0.04827,0.043326,0.106141,0.032702,0.212766,0.007843,0.026956,-0.023722,0.026135,0.03117,0.02018,0.090815,-0.015998,0.075116,-0.00889,0.06234,0.110464,0.065653,0.196381,0.081232,0.036441,0.17577,-0.002771,0.106523,0.006977,0.061877,0.055005,0.057647,0.077327,0.079596,0.018544,0.079902
-0.094857,-0.045011,-0.048497,-0.011753,-0.092141,0.01244,0.012515,-0.053143,-0.135821,-0.063968,-0.02298,-0.002543,-0.009183,-0.03477,-0.03931,-0.013386,-0.034017,-0.118986,-0.037947,-0.119213,-0.011419,-0.03371,-0.080878,-0.005823,-0.002718,-0.026513,-0.058648,-0.031255,-0.103472,-0.047738,-0.038767,-0.035129,-0.087587,-0.064141,-0.04747,-0.074313,-0.110978,-0.034877,-0.088301,-0.005903,-0.03481,-0.029711,-0.061118,-0.117942,-0.163006,-0.017578,-0.102116
-0.061921,-0.016523,-0.045929,-0.03478,-0.053694,-0.056756,-0.017541,-0.004589,0.057769,-0.043582,-0.059222,-0.035446,0.088932,-0.034347,-0.008722,-0.046529,-0.012427,-0.013329,0.037545,-0.065779,-0.047467,-0.054758,-0.028857,0.001487,-0.050799,-0.026114,-0.0499,0.012613,-0.023271,0.002718,-0.061643,-0.055625,0.012734,-0.052492,-0.026531,-0.035613,-0.124679,-0.035979,0.009049,-0.002335,-0.044215,-0.010169,-0.013512,-0.040971,-0.107154,-0.019435,-0.022781
0.123865,-0.003164,0.030288,-0.036754,0.065968,0.020296,0.00926,-0.002763,-0.040459,-0.017979,0.01356,0.02741,0.041692,-0.000917,0.041417,0.009117,-0.012741,-0.003669,-0.009501,-0.034607,0.066871,0.082296,0.023034,0.053093,-0.022421,-0.009322,0.047734,0.001644,0.074891,-0.025775,0.001062,0.017705,-0.040088,-0.018924,-0.017279,0.027103,0.022077,-0.057427,0.002646,-0.000175,0.026351,-0.002226,0.039783,-0.01286,0.080946,0.030402,-0.039866
0.028171,0.049871,0.062298,0.001796,0.037292,0.057163,0.056847,0.040246,0.142654,0.048529,0.008743,0.016863,0.130959,0.016653,0.010332,0.006847,0.012727,0.014242,0.03387,0.096647,0.015639,0.077951,0.028929,-0.083009,-0.002297,-0.001326,0.002891,-0.016131,0.054801,0.030113,0.045403,0.079825,0.046688,0.082402,0.026389,-0.030127,0.069441,-0.026437,0.032158,0.018986,-0.010027,-0.006901,0.022647,-0.002909,0.070947,0.000951,0.047688
0.143832,0.023307,0.03789,0.042152,0.032575,0.052871,0.0804,0.070027,0.143268,0.056455,0.06737,0.030603,0.004416,0.039236,-0.000904,0.055282,0.012323,0.065679,0.05566,0.119627,0.060676,0.052608,0.031564,0.058364,0.041405,0.009882,0.115983,0.051021,0.088673,0.070196,0.020229,0.062686,0.021891,-0.052913,0.067427,0.009273,0.061429,0.012153,0.103478,0.07367,0.054641,0.052569,0.000204,0.015978,0.106085,0.035746,0.082113
0.115102,0.002522,0.063925,0.007983,0.10384,0.056101,0.001206,0.002726,0.071837,0.1284,0.00315,0.048517,-0.012649,-0.001641,0.003834,0.002762,0.02286,0.000644,-0.012106,0.061157,-0.171571,0.001295,-0.01607,0.013466,0.005494,0.067159,-0.032799,0.045142,-0.013482,-0.03536,-0.012063,0.067545,-0.006363,0.086153,0.027435,-0.028787,0.048303,0.035111,0.133037,-0.053204,0.006443,0.008285,-0.071723,0.042111,0.029502,-0.01139,0.04849
0.142289,0.065779,0.013591,0.013116,0.17246,0.056926,0.075258,0.050362,0.015948,0.089557,0.02231,0.007185,0.123267,0.059655,0.055193,0.024905,0.016051,0.017733,0.026202,0.016978,0.027611,0.09153,-0.001623,0.044315,0.018878,0.094054,0.114653,0.012151,0.121945,0.020067,0.012399,0.013378,0.019973,0.043773,0.161324,0.010584,0.117212,0.008575,0.15607,0.009318,0.042371,0.032779,0.006056,0.037522,0.079189,0.007362,0.101295
-0.152841,-0.064502,-0.041107,-0.02536,-0.065367,-0.075402,-0.074171,-0.103848,0.040798,-0.077443,-0.031375,-0.022329,-0.004238,-0.038205,-0.042114,-0.043929,-0.031614,-0.029929,-0.069382,-0.126288,-0.029104,-0.108218,-0.048599,0.03002,-0.073172,-0.012214,-0.0613,0.023997,-0.023452,-0.022526,-0.021792,-0.079349,-0.034842,0.012933,-0.103082,0.034728,-0.108353,-0.037087,-0.081078,-0.040327,-0.05776,0.014692,-0.071724,-0.072336,-0.05575,-0.017614,-0.102378
-0.002693,0.031067,0.034447,0.023168,0.083561,0.050998,0.030696,0.067783,0.175908,0.021933,0.034562,0.021836,-0.003756,-0.010648,0.014392,0.014756,-7.42E-05,0.024409,0.024056,-0.010928,0.058529,0.094074,0.030425,0.05747,0.020395,0.041711,0.111724,0.034608,0.079589,-0.017825,0.049319,-0.002172,-0.005092,0.072081,0.078812,0.101006,0.054554,0.017233,0.078656,0.040194,0.01559,0.034222,0.085826,-0.00919,0.178494,0.037099,0.078924
0.008337,0.02054,0.036956,0.042967,-0.012561,0.041781,-0.022831,0.031559,0.132065,0.049858,0.040303,0.063478,0.124138,0.016383,0.058054,0.033675,0.027752,0.056496,0.008136,-0.01857,0.085152,0.090613,0.062055,0.040498,0.044663,0.081935,0.091795,-0.002254,0.04033,0.004409,0.048831,0.034167,-0.009607,0.043919,0.000592,0.010988,0.052002,0.066813,0.045782,0.037853,0.066497,0.021406,0.069203,0.088795,0.031708,-0.000765,0.104583
0.218125,0.068776,0.108631,0.068103,0.217183,0.083646,0.035216,0.131631,0.114875,0.113157,0.079275,0.023989,0.235358,0.059127,0.047467,0.077904,0.057494,0.102942,0.052978,0.088978,0.116395,0.072589,0.063059,-0.005093,0.050799,0.049165,0.07707,0.214552,0.079864,0.028875,0.048249,0.100172,-0.02027,0.082469,0.158188,0.046389,0.071945,0.040167,0.171406,0.054478,0.05469,0.058699,0.030195,0.122066,0.133805,0.025938,0.147109
-0.047504,-0.020978,-0.016107,0.01246,0.018136,-0.019407,0.041479,0.031037,0.039008,-0.013933,0.005025,0.003616,-0.103349,0.035487,0.034114,-0.011035,-0.010005,0.053278,0.001613,0.026482,0.009541,0.024495,0.030159,-0.026152,0.008961,-0.008731,-0.032765,0.062,-0.014728,0.033872,0.019878,0.006659,-0.039949,0.142254,-0.037693,0.000192,0.002358,0.065649,0.068466,0.026417,-0.004089,-0.013356,-0.005555,-0.033883,0.061275,-0.001186,-0.057962
0.073374,0.000826,0.033081,0.019015,-0.051458,0.013643,-0.008716,0.031428,0.003927,0.004525,0.043091,0.051829,-0.051171,0.019416,0.078608,0.057261,0.020811,-0.017686,0.009834,-0.042204,0.101539,0.094657,0.040589,-0.007031,0.023911,0.020074,-0.005361,0.054523,0.001638,0.013097,0.040315,0.102798,-0.005211,-0.029621,-0.029169,0.053323,-0.013532,0.08688,0.009351,0.023158,0.08106,0.019935,0.001228,-0.030418,-0.134627,0.01138,0.071056
0.180716,0.08753,0.044386,0.050318,0.083957,0.047047,0.015,0.046521,-0.024036,0.002928,0.044039,0.058161,-0.019704,0.042474,0.058415,0.033401,0.055904,0.034722,0.051573,0.106521,0.13084,0.034161,0.02995,0.036496,0.033277,0.028406,0.065657,0.128363,0.049787,0.04089,0.02902,0.080308,0.062018,-0.037199,0.149106,0.000454,0.145932,0.022352,0.109601,0.057486,0.028382,0.054028,0.095545,0.078437,0.0471,0.011885,0.03224
-0.199798,-0.059206,-0.070999,-0.043525,-0.17805,-0.028363,-0.076202,-0.062656,-0.214949,-0.094147,-0.055573,-0.045161,-0.188967,-0.030514,-0.060872,-0.03282,-0.023449,-0.079059,-0.068362,-0.133664,-0.153358,-0.155191,-0.018369,-0.06975,-0.014289,-0.06443,-0.079876,-0.138771,-0.121884,-0.029478,-0.048682,-0.06875,-0.083105,-0.175268,-0.124299,-0.000251,-0.136779,-0.05309,-0.113247,-0.092054,-0.071022,-0.033822,-0.069419,-0.09629,-0.33963,-0.032197,-0.165374
0.061869,0.001907,-0.005473,-0.01773,0.059369,-0.017971,-0.016492,0.018555,-0.145221,0.048185,-0.011754,-0.010782,-0.111087,0.012604,-0.028149,0.006135,0.007215,-0.004558,0.001917,-0.078028,-0.009157,0.016798,-0.018869,-0.099022,-0.006073,-0.011514,-0.017006,0.017586,0.023514,-0.030783,-0.001235,-0.039266,-0.067109,0.018117,0.092519,-0.070741,-0.003126,0.010426,0.023876,0.023817,0.003251,-0.001738,-0.024462,-0.041495,-0.074908,-0.000144,-0.03603
-0.008411,0.011988,0.00152,0.027081,0.009315,0.001872,0.002992,0.026025,0.131873,0.044376,-0.003647,-0.00388,0.150411,0.020914,-0.009926,0.005646,0.021903,0.010618,0.017042,0.079017,0.049436,-0.001454,-0.005785,0.014807,0.004553,-0.005581,-0.002767,-0.029878,0.064098,0.025235,0.024232,0.029217,0.003351,0.045617,0.060627,0.136767,0.138587,0.013688,0.029095,0.001538,-0.016382,0.030356,-0.058582,0.034113,0.077375,0.002318,-0.002315
-0.044536,0.023103,0.009904,0.042427,-0.006679,0.037786,0.033974,0.021432,0.068029,0.012412,0.035675,0.062679,0.089193,0.031169,0.046771,0.0324,0.017057,0.032538,0.032731,-0.046959,0.057256,0.088549,0.077287,0.039205,0.040516,0.014773,0.02448,0.122049,0.034448,0.021845,0.039508,-0.020324,0.033955,-0.041554,0.006562,-0.015697,-0.081723,0.029742,0.042561,0.021841,0.037387,0.026413,0.020386,0.010276,0.059588,0.021466,-0.003958
-0.016618,-0.018383,0.020642,0.033119,-0.019818,-0.032173,0.040017,0.028227,-0.025117,-0.024714,0.014951,0.023971,0.039783,0.052006,-0.024877,0.008584,-0.006395,0.006266,0.004805,-0.007146,0.050605,0.074957,0.008341,0.007702,-0.001457,-0.020714,0.03035,-0.004496,0.046975,0.001844,0.030717,-0.073495,0.024315,0.046786,0.029201,0.111428,-0.027463,0.025788,-0.069374,0.030148,0.045507,0.01398,0.040024,0.004702,-0.047305,0.023953,-0.070092
0.089382,0.078187,0.052864,0.028371,0.080198,0.045999,0.068653,0.066049,0.08089,0.08145,0.048877,0.042954,0.019134,0.06991,0.0374,0.026517,0.047989,0.062587,0.017067,0.091646,0.032784,0.063893,0.040247,0.027953,0.035905,0.017216,-0.004225,0.010338,0.06571,0.035738,0.003889,0.08221,0.073496,0.059224,0.048266,0.064201,0.087723,0.025043,0.024681,0.078892,0.061685,0.026385,0.008385,0.075225,0.139976,0.032608,0.101795
0.147537,0.035206,0.04614,0.019634,0.050983,0.026637,0.058759,0.103566,-0.031525,0.069192,0.044936,0.063245,0.00886,0.041497,0.032658,0.036701,0.019779,0.056011,0.052733,0.082317,0.092338,0.055285,0.038409,0.022634,0.051102,0.006859,0.05437,0.018383,0.043373,0.102812,0.024895,0.088128,0.035406,-0.055422,0.047032,0.026535,0.099526,0.048588,0.104457,0.06674,0.039588,0.03146,0.099517,0.046497,-0.072271,0.017212,0.073876
0.053102,0.030783,0.07369,0.047896,0.07707,-0.00872,0.039625,0.135512,0.105878,0.016195,0.040499,0.043004,0.069875,0.016326,0.028552,0.034479,0.024409,0.016918,0.059301,0.10394,0.050138,0.02971,0.078623,-0.015519,0.020153,0.024096,-0.003727,0.031756,0.056807,0.042025,0.037833,0.059872,0.078578,-0.072088,0.019223,0.088162,0.01922,0.045457,0.029016,0.057533,0.079923,0.017684,0.013743,-0.103807,0.052913,0.010612,0.068807
-0.014807,0.002248,0.004911,0.002089,0.006967,-0.003946,0.040377,-0.043316,-0.047505,-0.007498,0.012116,0.026958,-0.034124,0.015377,0.037369,-0.003119,-0.001877,0.060004,0.015853,-0.072996,-0.048763,0.02502,-0.049512,0.052504,-0.000615,0.008375,-0.053319,0.105039,0.024608,0.097737,0.002653,0.040777,-0.000663,0.147188,0.086598,0.094165,0.037147,0.014701,-0.053754,0.037811,0.01244,0.018536,-0.027811,0.000184,0.070871,0.016941,0.001434
-0.018307,0.029093,-0.01793,-0.005747,-0.028885,0.005952,-0.014218,-0.017727,-0.053399,-0.019885,0.009047,0.001799,0.070359,-0.006844,0.008101,0.000285,-0.004389,-0.037589,-0.026235,-0.01001,-0.035501,-0.090581,0.034855,0.009406,-0.01085,0.039267,0.041793,0.032964,-0.040168,0.004686,0.001283,-0.023071,-0.024778,-0.016268,0.087651,-0.061676,-0.061722,0.025957,-0.017811,0.005612,-0.031099,-0.019757,0.017494,0.06323,0.002925,-0.020744,0.003651
0.010322,0.049314,0.068575,0.041982,0.075109,0.025379,0.038813,0.037625,0.039122,0.085888,0.042859,0.039975,-0.003705,0.029423,0.041069,0.030319,0.025183,0.032323,0.012539,0.05068,0.063287,0.028421,-0.001433,0.030199,0.020325,-0.018506,0.024122,0.082747,0.072218,0.060928,0.067475,0.049248,0.023783,0.004321,0.035718,0.045832,0.110381,0.004035,0.041001,0.053928,0.05545,0.021948,-0.022277,-0.038349,0.058079,0.009545,0.053636
0.026648,0.057903,0.043664,0.04034,0.055201,0.057952,0.105562,0.034325,0.039373,0.082134,0.083119,0.066426,0.032432,0.010394,0.080282,0.077075,0.041045,0.037008,0.018811,0.103936,0.078912,0.113885,0.02821,0.064928,0.068033,-0.019997,0.058253,0.070205,0.016848,0.061368,0.076914,0.051815,0.059169,0.093719,0.136253,0.029525,0.060781,0.071309,-0.017035,0.035977,0.092301,0.061605,-0.002263,0.043791,0.049578,0.041045,0.075693
0.07164,0.012077,0.009973,-0.010141,0.109378,0.080422,0.011862,0.065092,0.076626,0.008173,0.030329,0.020579,0.051978,0.049883,0.051704,0.008415,0.013263,0.04059,0.011366,0.017146,0.043493,0.066801,0.044697,0.032718,-0.028204,0.015978,0.078741,-0.03783,0.103503,0.031327,-0.007995,0.011412,0.023153,0.043862,0.056734,0.100802,-0.006838,0.058904,-0.074988,0.041306,-0.015649,-0.014136,0.038393,0.059563,0.067722,0.032245,-0.033629
-0.042153,0.022719,-0.01477,-0.005805,0.041196,-0.003467,0.054433,0.107368,0.040138,0.014804,0.01843,-0.025571,-0.001881,-0.024977,0.000963,-0.00918,0.010156,-0.037041,0.013187,0.109027,0.012498,0.004832,-0.043953,-0.009084,-0.024887,-0.003003,0.029521,-0.033943,-0.007373,-0.017084,-0.002523,0.054683,0.031321,0.06045,0.081163,0.055183,0.043107,0.009823,0.083554,0.009797,-0.014315,-0.025477,0.089095,0.046994,0.006946,-0.018088,-0.019851
-0.009222,-0.013759,-0.052638,-0.041081,0.040887,-0.003297,-0.024924,0.097559,0.071043,0.010448,-0.037301,0.03697,0.05306,0.012556,0.007284,-0.036704,-0.025786,0.023368,0.067331,0.000321,0.082993,0.059392,-0.083238,0.020252,-0.02909,-0.00207,0.103789,0.030524,-0.044219,0.01378,-0.003794,-0.007419,-0.009119,-0.02911,0.126793,-0.017426,0.00057,0.004955,0.045132,0.009363,0.003196,-0.016645,0.018638,0.133821,0.140084,-0.03246,-0.004949
-0.032778,-0.024298,-0.041185,-0.037417,-0.040128,-0.001398,-0.007376,0.070075,-0.117682,0.016185,0.001655,-0.004859,-0.068351,-0.022308,0.056944,-0.01885,-0.015237,0.001479,0.003415,-0.096533,-0.061485,-0.033146,-0.023546,-0.015629,-0.004393,-0.029975,-0.045479,0.045892,-0.012497,-0.090112,-0.030437,-0.047058,-0.139239,-0.124963,-0.084439,-0.074375,-0.054492,-0.056917,-0.038185,-0.049208,-0.046709,-0.005431,-0.036435,-0.06862,-0.074578,0.012988,-0.006905
0.071491,0.135536,0.004243,0.0241,0.182086,0.091697,0.005101,0.17657,0.036463,0.087498,0.071698,0.053589,0.122737,0.051384,0.109969,0.050247,0.033919,0.079911,0.137904,0.087749,0.114499,0.154863,-0.028535,0.070053,0.036759,0.017892,0.071893,0.049417,0.008693,0.076248,0.077419,0.127636,0.121579,0.083203,0.149644,0.079275,0.058588,-0.011664,0.078843,0.111007,0.067098,0.036832,0.057676,0.048404,0.152933,0.035751,0.060929
0.036873,0.072284,0.071088,0.043869,0.143191,0.088519,0.095901,0.153265,0.046667,0.119924,0.045491,0.03982,0.090527,0.107879,0.032704,0.037467,0.056338,0.060333,0.103083,-0.017701,0.151533,0.156603,0.021994,0.040133,0.032843,-0.004075,0.068542,0.013426,0.036373,0.076051,0.018573,0.038646,-0.015622,0.067362,0.119949,0.080265,0.117003,0.10384,0.097415,0.043067,-0.024594,0.019032,0.052762,0.101332,0.106578,0.015689,0.127408
-0.104909,-0.082165,-0.067702,-0.087578,-0.050251,-0.119205,-0.099225,-0.146038,0.025404,-0.004203,-0.012501,-0.0398,0.028279,-0.001502,-0.020812,-0.018149,-0.05847,-0.031039,-0.040795,-0.057494,-0.002203,-0.020514,-0.091809,-0.029841,-0.018887,-0.018667,-0.100153,0.004237,-0.058436,-0.025893,-0.039617,-0.060993,-0.026413,-0.040269,-0.158204,-0.047546,-0.080048,0.0017,0.017808,-0.081895,-0.084278,0.001314,-0.119011,-0.068665,-0.078859,-0.04544,-0.078544
-0.049867,-0.037723,-0.000789,-0.018726,0.026846,0.024884,-0.017343,-0.045614,-0.037262,0.023097,0.016652,0.001038,0.095955,-0.033411,-0.033937,-0.014388,-0.028025,0.027078,0.001835,0.0116,0.011559,0.07226,-0.054496,0.040606,-0.014708,-0.040942,-0.015702,0.002088,-0.010807,0.058414,0.001545,0.014511,-0.003775,-0.008053,-0.017297,0.038371,-0.019832,-0.035685,0.044074,-0.002371,-0.027535,-0.039818,-0.013414,0.021459,0.028609,-0.007412,-0.041581
-0.081065,-0.097039,-0.143748,-0.105382,-0.08919,-0.067242,-0.020029,-0.242844,-0.074493,-0.114414,-0.151052,-0.121847,-0.028706,-0.131781,-0.079693,-0.128773,-0.094005,-0.151376,-0.123834,-0.130344,-0.019862,-0.154882,-0.013486,-0.044198,-0.10222,-0.046827,-0.153535,0.125835,-0.013154,-0.010858,-0.125956,-0.236549,-0.076098,-0.010708,-0.045924,-0.081833,-0.149985,-0.116214,-0.175871,-0.134716,-0.124553,-0.057785,-0.11104,-0.069681,-0.268903,-0.063828,-0.142014
0.091377,0.023797,0.033258,0.023695,0.112379,0.058629,0.035242,0.10232,0.007816,0.101844,0.013077,0.085236,0.094843,0.017162,0.030784,0.016419,0.000203,-0.045357,-0.022732,-0.000863,0.081756,-0.024663,-0.019876,0.051846,-0.002072,0.006594,0.046299,0.089533,0.00555,-0.005222,0.023219,0.132819,-0.025419,0.107063,0.143751,-0.045553,0.034756,-0.022628,0.072153,0.038956,0.067451,0.020026,0.13832,0.125629,0.009909,-0.033834,0.056645
0.056559,-0.061136,0.005615,0.0498,-0.081438,-0.058818,0.074568,-0.129855,0.018271,0.008695,0.010614,0.029055,0.008775,0.050764,-0.071247,0.024737,-0.030754,0.024458,-0.066455,-0.016044,-0.128624,-0.135862,0.010601,-0.062444,-0.020352,-0.049969,-0.04477,0.076026,0.055828,-0.08875,0.031052,-0.007358,-0.074124,-0.001768,-0.052458,-0.077047,0.075651,-0.002212,-0.018598,0.017485,0.021481,0.011177,0.024225,-0.034017,-0.228753,-0.005339,-0.082213
0.022319,0.080843,0.108578,0.042422,0.137805,0.066996,-0.019313,0.142917,0.165062,-0.009928,0.033428,-0.009121,0.047333,0.027552,-0.024054,0.039433,0.059668,0.038468,0.072884,0.0551,-0.061211,0.104731,0.010882,0.084411,0.054413,0.069973,0.069222,-0.029959,-0.020072,0.02316,0.025533,0.118538,0.025266,-0.044743,0.043462,-0.102248,-0.016529,0.021123,0.025251,0.054661,0.011751,-0.006104,0.041211,0.008631,0.147142,0.047209,0.113933
0.144676,0.018994,0.02411,-0.075318,0.107895,0.07172,-0.018216,-0.056948,0.040028,0.081557,0.00261,0.060244,-0.06972,-0.018697,-0.008036,0.005184,-0.009971,-0.003905,-0.012489,0.04076,0.038057,-0.109155,-0.05119,0.044812,-0.025171,0.024708,-0.018582,-0.005901,0.055988,-0.033688,0.000326,0.051733,-0.001209,-0.268358,-0.00961,-0.005648,0.014168,-0.034932,0.145732,-0.002412,0.016117,-0.005728,-0.032689,-0.030884,-0.054763,0.013748,0.023024
0.127091,-0.066172,-0.096045,-0.210729,-0.083102,-0.03891,-0.102382,-0.13462,-0.17651,0.020827,-0.08368,-0.063765,-0.097314,-0.109406,-0.135302,-0.106689,-0.067849,-0.19366,-0.113374,-0.072667,-0.036103,-0.218964,-0.163477,-0.024386,-0.117577,-0.07121,-0.130635,-0.007357,-0.091661,-0.092825,-0.137494,-0.067392,-0.185982,-0.005494,-0.023019,-0.181834,-0.09955,-0.169477,-0.077446,-0.07835,-0.167262,-0.055441,-0.122328,-0.114438,-0.133028,-0.086781,-0.100616
-0.214513,-0.072718,-0.102842,-0.087735,-0.110743,-0.07373,0.058197,0.022509,0.065641,-0.035113,-0.010536,-0.027548,-0.043838,-0.016196,0.013246,-0.020385,-0.043121,0.002205,-0.014962,0.083261,-0.01058,0.062253,-0.21766,-0.076033,-0.046394,-0.034706,-0.01705,-0.036422,-0.047218,-0.016425,-0.041516,-0.107299,0.014755,-0.202801,-0.177875,0.078869,0.105573,-0.035368,-0.174603,-0.009075,-0.008569,-0.005342,-0.096626,-0.14331,0.249082,-0.012899,0.028402
-0.083183,-0.050172,-0.060793,-0.002724,-0.10768,-0.021421,-0.058718,-0.08545,-0.029401,-0.094114,-0.063031,-0.046093,-0.097248,-0.075838,-0.057051,-0.035549,-0.039541,-0.086393,-0.057932,-0.114951,-0.070234,-0.013709,-0.034071,-0.008103,-0.044241,-0.040775,-0.148551,-0.059845,-0.04419,-0.094757,0.002561,-0.053013,-0.058346,-0.214529,-0.085118,0.006802,-0.148576,-0.074528,-0.158518,-0.092012,-0.04499,-0.029589,-0.02132,0.009503,-0.100286,0.011479,-0.052689
-0.28348,-0.19648,-0.371401,-0.293341,-0.263101,-0.154993,-0.110665,-0.234313,-0.132084,-0.183522,-0.156601,-0.232377,-0.191064,-0.1055,-0.27464,-0.155537,-0.162833,-0.160591,-0.195572,-0.195035,-0.23369,-0.20411,-0.304642,-0.086968,-0.165148,-0.126724,-0.112524,-0.153594,-0.121606,-0.096145,-0.208927,-0.364714,-0.161211,-0.045289,-0.166043,-0.06602,-0.145281,-0.095431,-0.271077,-0.161727,-0.205069,-0.10748,-0.212267,-0.136639,-0.155335,-0.098059,-0.169468
-0.539194,-0.295218,-0.467381,-0.455003,-0.39084,-0.316836,-0.296466,-0.2585,-0.336167,-0.348774,-0.26096,-0.296687,-0.394862,-0.294593,-0.19472,-0.254025,-0.212288,-0.457787,-0.241645,-0.568263,-0.509134,-0.336262,-0.272855,-0.199745,-0.269508,-0.160026,-0.302757,-0.111945,-0.367062,-0.194211,-0.289933,-0.405868,-0.256208,-0.043615,-0.446965,-0.278787,-0.413249,-0.304485,-0.435032,-0.345088,-0.310003,-0.13087,-0.209147,-0.401909,-0.420481,-0.189311,-0.309848
-0.026279,-0.084268,-0.153419,-0.109541,-0.098753,-0.060825,-0.029423,0.042361,0.046086,-0.070332,-0.093771,-0.070622,-0.156562,-0.027568,-0.089139,-0.062235,-0.07364,-0.10353,-0.012789,-0.090757,-0.124685,-0.112825,-0.206667,-0.085989,-0.063504,-0.01237,-0.185921,-0.065102,-0.036684,-0.017756,-0.062257,-0.163948,-0.070652,0.031511,0.10899,-0.006257,-0.126011,-0.024014,-0.203596,-0.031084,-0.037069,-0.095296,-0.114327,-0.042532,-0.110099,-0.079866,-0.002136
-0.020055,0.059294,0.054057,0.100665,0.007826,-0.031712,0.020868,0.099713,0.081731,0.044526,0.120497,0.036661,0.153543,0.122568,0.059027,0.08108,-0.030332,0.026673,0.036529,0.030312,0.216965,0.091655,-0.03725,0.036903,0.065741,0.077135,0.180807,0.039845,0.04481,0.05843,0.08842,0.046984,0.043332,-0.703259,0.159169,-0.012519,0.043475,0.089262,-0.081585,0.059233,0.058389,0.083082,0.048602,0.129736,0.060898,0.010109,0.126442
