FirmID,Target,Ret,beta_mk,beta_HML,beta_SMB,beta_MOM,beta_Amihud,beta_Gamma,beta_Spread,beta_TR,kurtosis,sigma,skewness,volume
600000,0,-0.467,1.2683,0.2402,0.0814,-0.032,-0.03,-0.2513,7.641,1.6477,4.297,5.4468,-0.1835,83245.18
600004,0,-1.4507,0.9594,-0.1882,0.1459,-0.0204,-0.0256,0.177,3.4804,-0.1054,9.4529,6.1263,-1.8942,6846.66
600005,0,-2.7058,1.4177,-0.2012,0.3138,-0.0349,-0.0513,0.124,5.942,3.7256,5.5785,9.0244,-0.2766,48473.86
600006,0,-1.0354,0.9924,-0.3824,-0.0958,0.0304,-0.0722,0.0472,14.7628,4.5983,2.6838,6.4024,-0.3098,12415.28
600007,0,-0.7456,0.8874,-0.0597,-0.1005,-0.0284,-0.067,0.1488,11.3967,1.2502,3.8092,7.5669,-0.65,2829.792
600008,0,-1.7822,0.9757,-0.3232,-0.0466,0.0519,-0.0957,0.2393,13.3047,2.5089,4.34,9.1366,-0.8271,18016.13
600009,0,-0.9434,0.9536,-0.3747,0.1694,-0.0055,-0.0732,0.1075,11.5844,0.5084,6.2056,6.798,-0.9089,12276.37
600010,0,-2.1218,1.1418,-0.3967,0.1955,-0.0323,-0.0864,0.1067,14.4175,8.0668,3.0363,10.0684,-0.0076,60541.97
600011,0,-1.1354,0.8889,-0.3415,0.3512,-0.0976,-0.0184,0.2395,2.5399,3.5253,4.9425,8.3347,-0.4065,15320.25
600012,0,-0.6766,0.787,-0.0459,0.0311,-0.0027,-0.0199,0.0602,5.9318,2.6693,3.3754,6.6671,0.3554,5859.447
600015,1,0.0326,1.0345,0.2848,0.1541,-0.0789,-0.0006,-0.2201,2.7155,0.464,4.3519,6.6892,-0.3183,36160.62
600016,0,-0.0332,1.1537,0.0586,0.0141,-0.0502,0.0107,-0.0994,1.154,-0.5698,4.0771,5.4025,-0.4395,143413
600017,0,-0.7225,0.8761,-0.033,0.0403,0.0107,-0.0827,0.3226,12.9343,4.3132,6.3677,8.3828,-0.631,12939.47
600018,0,-1.0679,0.9524,-0.0295,0.1885,0.0281,-0.0286,0.1533,5.8815,0.9443,6.7367,8.7827,0.9201,27498.19
600019,0,-1.5969,1.2001,-0.2478,0.1652,-0.0122,-0.0121,0.1564,0.0116,1.1944,5.5797,6.646,-0.9793,60167.66
600027,0,-1.4908,0.9351,-0.1191,0.1202,-0.0673,-0.0483,0.1347,8.6466,4.3915,3.9676,9.2698,-0.2367,16873.85
600028,0,-1.284,1.0351,-0.3816,0.162,0.0088,-0.0423,0.1472,6.0647,1.7614,4.7149,7.6997,-0.6515,58934.13
600029,0,-2.2018,1.2965,-0.6314,-0.0032,0.0636,-0.102,0.1749,19.2858,7.4346,2.9895,11.3447,-0.0991,44047.37
600030,0,-0.3683,1.6099,-0.2549,0.3839,-0.1254,0.0249,0.2564,-2.4829,3.697,4.5337,9.0231,0.4778,95271.25
600031,1,0.1958,1.3095,-0.0125,0.3241,-0.0197,-0.0926,0.1273,16.2011,4.8272,3.8531,10.8647,0.359,25289.68
600033,0,-1.1692,0.7288,-0.1376,-0.0247,0.0104,-0.0278,0.1059,7.3196,3.0198,4.082,6.0847,-0.3207,15050.14
600035,0,-1.2974,0.7726,-0.1623,-0.0736,0.0117,-0.046,0.0758,11.535,3.3294,2.8936,6.1987,-0.0191,6009.013
600036,0,-0.9722,1.1375,0.1971,0.0808,-0.026,-0.0154,-0.1025,1.7176,0.3211,4.9682,5.0417,-0.0529,75756.42
600037,0,-1.9829,0.8201,-0.3163,-0.0477,0.0369,-0.0347,0.0843,7.2831,2.2475,2.9506,8.6819,-0.1327,14466.92
600038,1,0.7729,0.909,-0.7882,0.0025,0.0355,-0.0994,0.0353,18.4841,2.405,3.3343,12.0865,-0.1777,4013.023
600039,1,0.0289,0.8343,-0.3568,0.0109,0.0257,-0.1335,-0.2266,27.5876,4.7413,2.654,11.9677,0.0966,12169.76
600048,0,-0.7756,0.7838,0.4285,0.3397,-0.05,-0.0218,-0.051,2.7079,1.8207,2.8921,9.8902,0.0726,38909.14
600050,0,-1.4317,0.7032,-0.0693,0.3209,0.0422,-0.046,0.137,7.9538,3.2492,4.6966,7.6372,-0.7142,125889.8
600051,0,-0.8366,0.6428,-0.3598,-0.1333,0.1053,-0.1166,-0.021,23.9,5.1262,2.728,11.906,-0.1605,6000.346
600052,0,-1.4555,1.2964,0.1604,-0.0563,0.0226,-0.1249,-0.101,22.9319,3.4703,3.1222,9.5057,0.202,8924.242
600053,0,-0.4511,1.0189,0.1126,-0.1519,0.0684,-0.1515,0.1168,31.1736,6.3343,3.0404,11.3008,-0.1208,3355.567
600054,0,-0.9427,0.5421,-0.1688,-0.0165,0.0018,-0.066,0.0641,12.131,1.9639,2.541,6.7383,0.0238,2692.584
600055,1,0.4757,0.6935,-0.4052,-0.1658,0.0766,-0.1917,-0.0534,35.1749,5.2748,3.4021,13.1698,-0.3383,3320.067
600056,1,1.0288,1.0367,-0.3655,0.1861,0.0368,-0.1224,0.004,27.3956,5.6519,3.039,11.353,-0.4608,3803.868
600057,1,0.598,0.8839,-0.9797,-0.8081,0.2254,-0.1891,0.0088,31.6383,6.9135,2.3098,11.7019,-0.1231,10921.44
600058,0,-1.0945,1.555,-0.3232,0.3264,0.0133,-0.149,0.2928,23.7187,8.1639,3.4358,13.0233,-0.4216,15636.04
600059,0,-0.4588,0.6418,-0.4417,0.0217,0.1432,-0.1384,0.0355,20.6901,5.7458,4.0994,10.3548,-0.572,10135.9
600060,1,1.0646,0.9362,-0.0873,-0.1949,0.0104,-0.082,0.1406,18.018,6.4337,2.6689,11.8861,0.1839,12366.82
600061,0,-0.2399,0.9883,-0.341,-0.1984,0.1503,-0.1348,0.2429,24.2048,4.82,3.1507,10.7436,-0.2188,6472.445
600062,0,-0.488,0.3528,-0.5168,0.1291,0.0614,-0.0824,0.1511,14.6614,2.9841,4.4138,9.8625,-0.6308,3998.107
600063,1,0.0823,1.1461,-0.1055,0.3172,0.0606,-0.0961,0.1245,22.7726,4.7889,2.5578,10.8344,-0.2596,14418.07
600064,0,-0.8151,1.3318,-0.1339,0.211,0.0088,-0.05,0.0347,10.5531,2.0478,3.484,6.7084,-0.2088,5684.707
600066,1,1.1035,0.8831,-0.3239,0.288,0.019,-0.0554,0.0846,6.4651,2.7013,4.8975,8.0684,-0.7823,5724.996
600067,0,-0.4928,1.2007,0.3295,-0.1123,0.0591,-0.0901,-0.2175,15.3043,3.7165,2.88,11.4427,0.218,14996.51
600068,0,-0.7339,0.8451,-0.2111,0.1306,0.0003,-0.0819,0.0863,16.092,4.0812,3.6291,10.884,-0.0311,25653.96
600069,0,-1.5063,0.9308,-0.1411,-0.1679,0.1372,-0.1041,0.1241,18.0515,4.0292,4.1841,10.1261,-0.1104,14149.47
600070,1,0.9094,0.9286,-0.1744,0.2217,0.1099,-0.1317,0.1888,25.7131,5.4382,3.1112,10.733,-0.4339,4698.497
600071,0,-0.1251,0.6653,-0.423,-0.072,0.1292,-0.1181,-0.0371,22.2422,3.832,2.771,11.0573,-0.453,5580.085
600072,0,-0.9489,1.4633,-0.5537,0.083,-0.0214,-0.1373,0.0673,24.7978,2.6378,2.8292,13.2546,-0.0876,8009.557
600073,1,1.5453,0.8847,-0.1388,-0.1519,0.1176,-0.1168,0.2454,19.8186,2.4847,4.3735,10.8532,-0.486,7777.952
600074,0,-1.1375,0.7527,-0.3457,-0.1224,0.0151,-0.0063,0.0314,0.9331,1.0567,3.0894,9.9598,-0.5462,13678.95
600075,0,-1.0494,0.9469,-0.6943,-0.2989,0.1004,-0.1314,-0.0163,23.7869,5.3876,3.4794,11.1299,-0.4427,9575.4
600076,1,0.5936,0.9318,-0.3756,0.0592,0.0226,-0.1778,-0.9306,29.6652,4.4124,4.0391,10.4778,-0.4563,5537.662
600077,1,0.0411,0.8594,-0.3142,0.2683,0.1047,-0.1459,-0.124,27.1553,9.2959,2.5723,14.3245,0.1084,6751.882
600078,0,-0.7746,1.0133,-0.529,0.0278,0.0345,-0.1664,-0.0553,32.0898,6.0369,3.1952,12.5635,-0.5382,19419.68
600079,1,1.3119,0.4683,-0.4937,-0.062,0.1083,-0.1272,-0.0382,20.1432,4.9866,3.9411,9.8047,-0.4722,6505.838
600080,1,1.3509,0.6176,-0.2796,0.2348,0.134,-0.1509,0.0064,31.4835,7.4535,3.0799,11.5859,-0.1285,6655.263
600081,1,0.5543,1.0227,-0.5104,-0.2397,0.0646,-0.131,0.0006,28.1574,5.1537,2.7136,10.7636,-0.4496,3935.624
600082,0,-0.0612,1.2972,-0.1358,0.0946,0.0445,-0.0742,-0.0803,18.2391,5.0978,3.3865,11.2245,0.4547,11002.62
600083,1,0.9665,1.0926,-0.1128,0.1185,0.1341,-0.1386,-0.2817,33.7308,4.3789,4.2481,9.5114,-0.4831,2414.557
600084,0,-0.3947,0.9096,-0.2634,0.3245,0.1481,-0.1964,-0.0716,32.1388,5.5236,3.422,9.2996,-0.5296,5329.419
600085,1,0.6663,0.5627,-0.5276,0.0576,0.0372,-0.0473,0.0623,10.2008,1.6453,3.5287,9.3154,-0.6546,7821.274
600086,1,0.5327,1.1337,-0.6556,0.1354,0.018,-0.243,-0.1216,40.3119,8.9778,2.9737,14.2209,-0.0175,7116.074
600087,0,-1.7318,1.2365,-0.4046,0.1329,0.0198,-0.0736,0.0283,11.197,1.4442,3.8309,9.6676,-0.5606,21508.45
600088,0,-0.7422,1.0062,-0.2459,-0.1954,0.1395,-0.1808,0.322,27.2629,4.7561,5.0337,13.8904,-1.0775,6198.672
600089,0,-0.0308,0.7078,-0.1853,-0.0491,-0.0083,-0.0687,0.0177,14.8236,5.7543,3.2523,10.6595,0.3769,27535.12
600090,0,-0.871,0.8095,-0.3088,-0.064,0.1284,-0.1721,0.0241,34.6427,7.228,3.6748,12.1178,-0.2103,9506.397
600091,1,0.3573,0.7951,-0.1994,0.1486,0.1151,-0.1034,-0.121,18.9515,3.9524,3.4027,9.9662,-0.443,5237.533
600093,1,0.0497,0.9628,-0.2619,0.2023,0.0268,-0.1275,-0.1057,22.8259,5.1332,5.4104,12.5201,0.5806,9568.526
600095,0,-0.4479,0.9829,-0.5207,-0.1867,0.0772,-0.1303,0.12,22.1822,5.9613,3.4772,11.7116,0.2767,10669.79
600096,0,-1.3984,0.9262,-0.5024,-0.2246,-0.0061,-0.1075,0.1309,23.9096,6.1712,2.9067,10.2566,-0.417,8700.04
600097,0,-0.2244,0.871,-0.4228,0.0762,-0.0302,-0.0924,-0.154,15.6502,1.1538,2.3333,9.0424,0.1544,2414.947
600098,0,-1.2062,0.797,-0.0857,0.074,-0.0059,-0.079,0.1687,14.9766,5.6808,3.9149,8.6265,-0.7057,8143.914
600099,0,-1.015,1.0296,-0.4733,-0.0209,0.0627,-0.1553,0.0082,30.0428,5.5767,3.4659,10.4195,-0.316,3220.517
600100,0,-0.0352,1.1117,-0.4607,0.0183,0.0228,-0.0876,0.0535,11.8899,1.5758,3.3553,9.5529,-0.404,26707.45
600101,1,0.0124,0.9208,-0.4705,0.0305,0.0834,-0.1095,-0.0601,27.0489,6.0867,3.3716,10.3438,-0.3775,6492.453
600103,0,-1.4403,0.9013,-0.2641,-0.2542,0.0421,-0.1178,-0.0211,22.0864,4.1959,3.1969,9.3161,0.1645,17742.01
600104,0,-0.0985,1.2678,-0.1504,0.278,0.0415,0.0006,0.1603,-3.6517,2.3558,3.1479,9.2737,-0.4593,22462.29
600105,1,0.3602,0.5333,-0.3307,-0.2926,0.1869,-0.1685,-0.1014,32.626,5.2591,2.685,11.8427,-0.2421,7823.99
600106,0,-0.4478,0.6145,-0.5969,-0.1999,0.0391,-0.1414,-0.1044,28.2842,4.2883,3.8572,11.7028,0.3041,12183.58
600107,0,-1.8891,0.9601,-0.397,0.0447,0.0135,-0.1324,0.1006,26.9641,3.7784,3.7929,10.1842,-0.6442,11517.54
600108,0,-0.5506,0.7146,-0.3135,-0.0743,0.0818,-0.0754,-0.0283,12.36,1.1575,3.4179,8.8058,-0.5413,33467.26
600109,0,-1.5301,1.5079,-0.0866,0.2679,-0.0261,-0.0356,0.0862,8.0094,0.5958,4.921,11.1412,-0.4114,11479.67
600110,0,-0.9574,1.0179,-0.522,-0.0611,0.096,-0.1536,0.0007,27.809,6.8051,3.3768,12.1119,-0.4136,19823.11
600111,1,1.9927,1.2118,-0.5084,-0.1577,0.0325,-0.1318,0.1099,21.9197,4.2961,2.6666,14.7952,0.1491,28319.66
600112,1,0.6979,0.8325,-0.0442,0.2059,0.0932,-0.1506,-0.2881,32.7249,10.6793,3.4056,13.1611,-0.0965,7499.599
600113,1,0.1816,0.876,-0.3257,-0.075,0.0691,-0.1148,-0.0964,28.0102,7.0492,3.3287,10.5143,0.4148,7166.608
600114,1,1.6794,0.7355,-0.4331,-0.1107,0.0561,-0.1219,0.007,25.0726,7.0896,3.0733,13.1669,-0.376,6824.497
600115,0,-2.0685,1.2732,-0.6025,-0.1503,0.0527,-0.2048,0.058,27.4912,4.3716,4.1661,11.6558,-0.4178,23398.74
600116,1,0.0068,0.804,-0.4447,-0.0627,0.0542,-0.0983,0.0441,18.4999,4.9871,2.4893,10.3598,-0.2199,7514.93
600117,0,-1.8034,1.5573,-0.5478,-0.1732,0.0569,-0.1079,0.1129,19.7526,5.6891,3.374,10.4672,-0.2089,10047.6
600118,1,1.5192,1.0132,-0.6141,-0.0356,0.0283,-0.0778,0.1139,10.9212,3.3997,4.3173,12.442,-0.4202,9818.715
600119,1,1.1723,1.1214,-0.0631,-0.1182,0.0414,-0.0759,0.1486,16.496,2.4647,4.4559,13.4678,0.0593,6221.065
600120,1,0.4354,0.9634,-0.4196,-0.4637,0.0705,-0.0898,-0.0776,18.8425,8.0103,4.3138,10.7955,0.5205,8115.889
600121,0,-1.1845,1.2332,-0.2766,0.0354,0.0663,-0.1162,0.0811,22.1112,5.5662,3.9657,9.3485,-0.6428,7712.09
600122,0,-0.8885,1.0087,-0.2933,0.135,0.0405,-0.1072,0.0019,21.457,3.6695,3.3523,8.3489,-0.6157,10572.28
600123,0,-0.4293,1.1154,-0.1105,0.2223,0.0474,-0.033,0.0347,6.7328,1.3662,3.9523,9.8649,0.3691,11018.25
600125,0,-0.3495,0.6719,-0.2626,-0.2232,0.0025,-0.0195,0.068,3.2804,3.2411,3.8746,10.7326,0.0775,16446.39
600126,0,-1.032,1.0036,-0.1284,-0.0251,-0.0097,-0.0733,-0.0002,13.3192,4.0169,3.5257,7.4913,0.1137,6827.366
600127,0,-1.0661,0.9371,-0.5787,0.1564,0.0692,-0.1123,0.0572,19.723,4.7763,5.0777,10.3516,-0.3999,18606.74
600128,0,-0.865,1.0592,-0.7429,0.0968,-0.0113,-0.0807,0.1641,17.6633,3.691,2.5219,9.0955,-0.3531,7258.822
600129,0,-0.0405,0.8318,-0.4431,0.0217,0.107,-0.1473,0.0601,23.4792,3.4406,3.3935,11.2133,-0.3827,6440.702
600130,1,0.4014,0.6542,-0.3292,0.102,0.1456,-0.1764,-0.105,33.699,7.4631,4.2821,10.9002,-0.1704,12898.28
600131,0,-0.3635,1.072,-0.3305,-0.0159,0.0544,-0.1264,0.0293,24.6479,4.5303,3.2704,10.4438,-0.3901,7888.415
600132,1,1.0043,0.6209,-0.7061,-0.6909,-0.0188,-0.0973,-0.1878,25.4656,7.983,3.1692,13.867,0.1686,6785.59
600133,0,-0.041,0.9677,-0.5316,-0.1016,0.1033,-0.1033,0.1208,20.516,5.1698,2.5626,13.5967,0.0213,10944.03
600135,1,0.5395,1.1277,-0.4687,-0.2521,0.0867,-0.1646,-0.0406,35.9783,8.0674,2.752,12.1259,-0.6395,6126.956
600136,0,-0.2096,1.037,-0.2519,0.1435,0.133,-0.152,-0.4266,29.5356,8.7834,3.2242,10.8348,-0.2043,2752.695
600137,0,-0.5084,0.5683,-0.1605,-0.0862,0.1908,-0.1783,0.0505,29.6876,5.5327,4.1617,12.082,-0.4266,1571.222
600138,0,-0.0952,0.7336,-0.3251,0.0553,0.1232,-0.1254,0.2361,17.809,4.3833,7.4959,10.5481,-1.3275,9047.592
600139,1,1.7184,0.9899,-0.1258,-0.0849,0.1897,-0.1071,-0.0944,17.692,6.1308,3.5328,13.0748,0.2707,5327.231
600141,1,0.5556,0.9058,-0.375,0.0458,0.0736,-0.1555,0.185,25.3588,7.8596,4.5562,14.2683,-0.6797,8250.492
600143,0,-0.6566,0.888,-0.1446,0.1666,0.1164,-0.1473,0.1633,26.1574,6.2743,4.0387,10.0189,-0.2703,18766.07
600145,1,0.1875,1.0624,-0.096,-0.1522,0.0838,-0.1346,-0.1252,27.2382,7.1198,3.813,12.8301,0.1751,8453.263
600146,1,1.6506,1.244,-0.8736,-0.3856,0.1145,-0.1523,-0.2578,32.0225,7.1507,2.3719,15.2815,-0.1764,7069.31
600148,1,0.1098,0.7223,-0.1934,-0.0791,0.1119,-0.1695,0.0053,33.0306,5.8257,2.5738,11.302,-0.2131,2034.75
600149,0,-0.3294,0.9325,-0.4437,-0.1982,0.1447,-0.2182,0.0251,35.8229,5.3755,3.1083,13.5558,-0.5563,9060.344
600150,0,-2.3431,1.2229,-0.0864,0.2411,0.0438,-0.0598,0.0975,9.5936,2.0114,3.2886,9.4797,-0.5451,5699.994
600151,0,-0.6105,1.0434,-0.4241,-0.0261,0.1188,-0.1545,0.1886,27.7192,4.5418,3.9798,11.8583,-0.0284,13298.54
600152,1,0.4634,0.9981,-0.2345,-0.1871,0.1051,-0.1771,0.0533,33.3999,7.432,3.3099,13.1707,-0.2179,7630.134
600153,1,0.4026,1.0247,-0.1858,0.058,0.0513,-0.1363,-0.0627,25.6329,6.7468,3.3405,9.9004,0.0282,16150.51
600155,1,0.2767,1.2537,-0.5239,-0.1373,0.0359,-0.0813,-0.9067,18.4044,5.3952,3.3272,10.2874,0.1133,4852.896
600156,0,-0.6784,0.9476,-0.2728,0.0515,0.0976,-0.1109,-0.0212,23.5778,5.1943,3.0867,10.6502,-0.4852,6376.094
600157,1,1.4755,1.5087,-0.4483,-0.0622,0.0541,-0.1125,-0.013,23.6148,4.5684,3.7723,13.1451,0.0985,12412.36
600158,0,-1.0663,1.3654,0.1541,-0.2503,0.0718,-0.1622,-0.1284,26.2536,3.0786,6.2425,17.0882,-0.7218,29246.89
600159,0,-0.3639,0.974,0.4758,0.2849,0.121,-0.0823,0.1249,14.1767,3.0485,5.0778,10.8649,0.4245,8165.003
600160,0,-0.0266,0.9748,-0.1404,-0.0875,0.1331,-0.1442,-0.0127,30.0719,9.9309,2.5606,12.1671,-0.3402,12807.56
600161,0,-0.1256,0.7033,-0.4139,0.247,0.0284,-0.0667,-0.0908,16.1557,1.7352,7.2029,10.8433,-1.296,6856.459
600162,0,-1.1278,1.4688,0.489,-0.1568,-0.0395,-0.1649,0.0248,28.6757,5.378,3.1646,11.9254,0.0928,12805.75
600163,0,-0.0913,0.8147,-0.2406,-0.3077,0.0257,-0.1519,-0.0363,27.2861,6.7721,3.135,11.4887,-0.3428,14856.96
600165,1,0.1624,0.8259,-0.7029,0.0312,0.0658,-0.1148,0.1018,18.7201,2.8163,3.5196,10.4765,-0.3315,5152.794
600166,1,0.5708,1.1172,-0.1129,0.0181,0.1019,-0.1611,0.1125,28.8561,8.9476,4.0731,10.2206,-0.1602,16139.09
600167,0,-0.0722,0.9852,-0.2523,0.1277,0.0895,-0.1567,-0.2559,29.5483,3.3901,4.2593,11.8836,-0.4997,3114.347
600168,0,-0.3232,0.9741,-0.6507,0.1213,0.0507,-0.0842,0.1299,15.0413,2.985,3.0618,8.7573,-0.2158,5677.083
600169,0,-0.5704,0.9426,-0.0817,-0.0827,0.0124,-0.0571,0.155,10.8238,2.3399,2.3865,10.5858,-0.1269,15386.84
600170,0,-0.1307,1.0245,0.0686,0.2489,-0.0287,-0.0767,0.1809,11.9838,3.3726,2.6925,10.4355,0.1352,12563.97
600171,1,0.7232,0.9907,-0.1076,-0.1157,0.089,-0.1178,0.0285,24.5023,4.4648,3.1301,10.538,-0.0905,13432.36
600172,0,-0.1948,0.9469,-0.584,0.0349,0.1222,-0.1,-0.021,24.1119,5.5228,2.3935,10.8033,-0.2981,8887.924
600173,0,-1.1257,1.1817,-0.1351,0.0064,0.0109,-0.1307,0.0398,23.7113,3.5925,4.0682,11.7606,-0.5113,9240.912
600175,1,0.511,1.1155,-0.2521,-0.2397,0.0709,-0.0984,0.0241,20.1151,4.5222,2.7262,11.706,0.0923,15300
600176,0,-1.1488,0.9496,-0.4411,0.269,0.0085,-0.0738,-0.1064,16.0916,1.9915,2.2628,10.3508,0.1204,5752.409
600177,0,-1.1008,1.1975,-0.0958,0.2397,0.0182,-0.033,0.1631,5.6821,1.4541,3.9392,6.3753,-0.7402,13982.21
600178,0,-1.1821,1.0749,-0.3184,-0.2517,0.0291,-0.1128,0.0624,24.0348,7.7059,2.858,11.8223,0.2843,7091.596
600179,0,-2.2871,1.0626,-0.1019,-0.2149,0.0461,-0.0617,-0.0908,12.1596,4.1386,3.774,12.3178,0.1442,9667.648
600180,1,0.6991,0.4654,0.0551,-0.1108,0.134,-0.3303,0.5509,53.4319,6.8891,3.3721,16.0395,-0.5675,4938.191
600182,0,-0.7282,0.6891,-0.2081,0.1852,0.1053,-0.1559,-0.1003,28.565,4.2209,3.7507,9.5024,-0.5206,3300.837
600183,0,-1.1103,0.9012,-0.4972,0.0822,0.0619,-0.0608,-0.0189,11.9303,2.3459,3.8694,8.4023,-0.3801,12742.18
600184,1,1.213,0.9486,-0.2657,-0.1317,0.1394,-0.1008,0.0214,19.2177,3.6239,2.8749,12.8788,0.1937,2302.569
600185,0,-0.478,1.0207,-0.1861,-0.0999,0.126,-0.1727,0.1523,30.1487,7.1339,4.0209,13.8075,0.0397,7373.348
600186,0,-0.6733,0.923,-0.0993,-0.2801,0.0691,-0.1217,-0.0275,25.0982,6.6701,5.1987,11.7683,0.5593,21123.16
600187,1,0.5303,0.377,-0.1489,0.0332,0.0894,-0.1356,-0.5481,22.1341,4.5772,2.3411,12.3263,-0.1774,9403.946
600188,0,-1.2065,1.0857,-0.2034,-0.1687,0.0585,-0.0285,0.0412,9.9096,4.996,3.6646,9.6244,0.2056,12349.23
600189,0,-0.6989,1.0234,-0.4398,-0.1254,0.0665,-0.1013,-0.1531,17.749,5.0913,3.5861,11.1665,-0.2635,6749.66
600190,1,0.2897,0.6983,-0.0108,-0.1987,0.0352,-0.1204,-0.0115,23.3884,5.079,4.8502,10.0769,-0.101,6100.484
600191,0,-0.5571,1.0819,-0.3912,0.025,0.0653,-0.0972,0.0224,18.2259,5.1518,3.7271,10.0856,-0.3665,6779.752
600192,0,-0.4717,0.862,-0.0432,0.0898,0.0855,-0.1168,0.0975,16.7451,3.8766,4.8219,10.7082,0.1023,5383.346
600193,1,0.5685,0.9717,-0.8939,0.0242,0.0696,-0.2046,0.0912,39.8483,7.1883,2.5675,14.9648,0.1411,8375.511
600195,0,-1.0815,0.7107,-0.4073,0.2849,0.0983,-0.1814,0.2012,29.9706,6.2609,7.7449,12.6754,-1.1244,4584.894
600196,1,1.3694,0.5636,-0.2409,0.0879,0.0763,-0.1063,-0.0514,16.055,4.3056,3.557,9.4205,0.0056,16239.46
600197,1,0.1035,0.9775,-0.6403,-0.0545,0.0212,-0.1279,0.0591,22.9974,5.0782,3.0983,10.4272,-0.329,7230.02
600198,1,0.58,1.0958,-0.2224,0.269,0.0471,-0.1554,0.0086,30.0628,1.4944,3.0442,15.0947,0.1406,7876.479
600199,1,1.4126,0.6053,-0.4505,0.1724,0.1155,-0.0588,-0.1811,16.7674,2.5495,2.6845,10.7849,-0.4595,11095.27
600200,1,0.7854,0.5009,-0.3577,-0.2258,0.1358,-0.1767,-0.0241,31.8409,7.9609,3.271,12.1183,0.1516,21417.79
600201,1,0.738,0.9767,-0.3121,0.1917,0.0781,-0.121,-0.146,20.3593,2.8663,3.8625,10.7144,-0.435,5710.393
600202,0,-0.7612,0.8636,-0.233,0.1528,0.026,-0.1515,0.073,26.83,7.1257,2.8098,10.8257,-0.3952,6134.545
600203,1,0.8571,0.8702,-0.4722,-0.0265,0.0786,-0.1956,-0.1822,38.6268,10.5252,4.2991,13.2282,-0.3761,7535.86
600206,0,-0.1154,0.9391,-0.5829,-0.0068,0.0077,-0.0972,0.1429,18.7221,2.3983,2.6099,11.3769,-0.2587,5124.734
600207,0,-1.0618,0.9557,-0.5544,0.0811,0.0818,-0.1348,-0.1552,27.7126,4.5105,3.1745,10.6858,-0.2817,6582.039
600208,0,-1.1375,1.1917,0.059,0.1552,0.066,-0.0828,0.0771,13.8909,1.8656,3.2495,10.0939,0.1267,22249.01
600209,0,-0.431,1.3071,-0.0961,0.0712,0.0164,-0.2078,-0.0859,38.7284,10.8279,6.1739,14.8708,1.0604,15324.82
600210,0,-1.24,0.9451,-0.333,0.0014,0.0527,-0.0892,0.0446,16.2192,2.4946,3.8679,7.8111,-0.5357,17409.71
600211,1,0.7179,0.6549,-0.2716,0.1954,0.1574,-0.1604,-0.0385,32.4275,3.4857,4.6361,11.0864,-1.1979,3038.711
600212,0,-0.8172,1.0078,-0.1621,0.0132,0.0956,-0.1592,-0.1844,34.8157,5.7684,3.227,10.6469,-0.564,11873.44
600213,0,-0.0961,1.0678,-0.3397,-0.2959,0.0942,-0.151,-0.0916,32.7658,7.5536,2.4029,11.7033,-0.0475,3155.469
600215,0,-0.826,0.9323,0.0879,-0.0838,0.0512,-0.0694,-0.0289,14.3857,1.7209,2.7439,8.1962,-0.1621,6376.418
600216,1,0.6734,0.712,-0.4316,-0.3305,0.0898,-0.0645,-0.0337,14.7226,1.3557,4.9361,10.8905,0.4215,7484.984
600217,0,-2.3513,1.1823,-0.0935,0.3033,0.0617,-0.1189,-0.1565,26.2008,4.7972,2.9957,10.7614,-0.2259,10648.45
600218,1,0.5089,1.0004,-0.0612,0.0339,0.0662,-0.1199,-0.0097,24.5327,5.2566,2.9729,11.956,-0.3839,6217.344
600219,0,-1.4135,1.3634,-0.4316,0.2395,0.0253,-0.0642,0.0214,11.3629,3.9824,4.1687,8.5056,-0.1501,16250.1
600220,0,-1.1769,0.8398,-0.2664,-0.2114,0.0213,-0.1212,0.0646,18.14,3.6599,4.2279,10.6189,-0.2176,30229.77
600221,0,-0.9361,1.187,-0.282,0.0593,0.076,-0.0976,-0.0067,20.0478,4.0329,3.4079,9.6223,-0.3806,29555.14
600222,1,0.7047,0.6558,-0.1936,-0.113,0.1165,-0.0988,0.1872,19.4141,3.963,3.0455,9.4252,-0.4514,7457.358
600223,0,-0.2449,1.3108,-0.0956,-0.0138,0.0619,-0.0897,-0.1617,16.9853,0.1383,2.7968,10.1477,-0.0315,6412.274
600225,0,-1.6575,1.1692,-0.5551,-0.0811,0.1268,-0.1272,-0.2024,25.9537,4.1305,3.1622,14.5559,0.5996,8117.631
600226,1,0.0224,0.9635,-0.5713,-0.0666,0.0436,-0.0988,0.0169,21.7458,5.4793,2.8934,11.1764,-0.005,7760.801
600227,0,-1.3625,0.8528,-0.3584,-0.03,0.0666,-0.054,-0.0023,12.9705,3.8016,3.4603,8.3814,-0.275,10785.24
600228,1,2.2525,0.8803,-0.3718,0.3182,0.0438,-0.0823,-0.201,21.1827,2.2959,2.9333,13.2224,0.0894,7462.748
600229,0,-0.0143,0.8522,-0.812,-0.0303,0.0573,-0.1187,-0.077,26.327,6.2374,3.2628,11.2786,-0.6248,12064.62
600230,0,-0.5788,1.1187,-0.656,0.0611,0.0444,-0.1192,-0.0471,22.2107,2.3496,4.328,14.4762,0.3734,4401.098
600231,0,-1.2958,1.3772,-0.2736,-0.0043,0.0757,-0.0844,0.1049,14.5285,5.0873,2.8741,11.8943,0.1754,11779.81
600232,0,-0.5052,0.8936,-0.3406,-0.0789,0.0438,-0.1021,-0.2048,22.1421,2.056,2.987,10.2876,-0.1289,7308.761
600233,1,0.0211,0.8439,-0.4048,0.2563,0.1357,-0.1592,-0.0645,33.1058,5.0499,5.4341,15.5365,0.5086,4057.298
600234,1,0.159,0.9379,-0.463,-0.1214,0.073,-0.1241,-0.2749,27.0249,4.1821,4.7375,10.9649,-0.924,2226.478
600235,0,-0.2785,0.9365,-0.1825,-0.0559,0.0576,-0.0446,-0.1372,7.3857,5.7265,2.6238,9.7662,0.0655,4458.081
600236,0,-1.6165,0.7884,-0.259,-0.0442,-0.0248,-0.033,-0.029,10.9025,1.9766,4.3505,7.9463,-0.8497,8937.758
600237,1,0.4394,1.0049,-0.2298,-0.0183,0.0447,-0.091,-0.0949,18.0752,3.7731,2.7292,10.0534,-0.2681,10646.78
600238,1,0.2921,0.445,-0.4932,-0.0423,0.2603,-0.1504,-0.2748,30.6218,5.8018,6.4759,12.1277,-1.3532,7397.099
600239,0,-1.0316,0.9422,0.2542,-0.0096,0.0335,-0.1322,-0.012,24.579,-0.4063,3.3915,13.1006,0.1627,9791.89
600240,1,0.094,0.9328,0.0899,-0.0202,-0.0036,-0.0946,-0.1153,24.2512,5.4441,2.6333,11.3583,-0.0906,14713.23
600241,1,0.4055,0.8114,-0.1503,0.0009,0.0932,-0.1802,-0.1547,32.6706,6.4647,2.5892,11.0804,-0.2838,1955.049
600242,1,0.527,0.8061,-0.4935,-0.2795,0.0275,-0.2377,-0.3182,40.8748,6.8455,3.6693,12.9018,0.3981,4914.438
600243,0,-0.3352,0.9283,-0.365,-0.1247,0.0545,-0.069,-0.2489,13.6028,0.0197,2.8387,11.4235,0.0203,6937.29
600246,0,-1.1332,0.9991,0.1913,-0.1068,0.0088,-0.1366,-0.0777,28.6483,11.0696,7.2662,10.6165,0.9618,9877.405
600247,0,-0.5882,1.0553,0.1418,0.0366,0.0219,-0.1917,0.0538,41.0067,7.4792,3.5282,12.6068,0.3994,11315.33
600248,1,1.0187,0.9021,0.0844,0.0501,0.1273,-0.1824,-0.4545,30.0538,2.3364,2.4314,8.8251,-0.1937,4452.773
600249,0,-1.8741,1.2399,-0.2865,0.2677,0.0808,-0.0773,0.0031,14.6035,5.9384,3.9781,9.7424,-0.6548,8066.336
600250,0,-0.4344,0.8946,-0.0426,-0.0464,0.0471,-0.1339,-0.0379,23.6889,1.8076,3.1578,11.836,0.0209,3724.145
600251,0,-0.5079,0.6776,-0.5407,0.2485,0.0744,-0.1027,0.1876,15.053,6.4201,4.8661,16.0603,-0.0492,5172.79
600252,1,1.7213,0.7143,-0.2435,-0.1898,0.1906,-0.1656,-0.1672,28.852,8.2894,3.5721,14.6132,0.3317,14184.34
600255,1,0.2983,1.2672,0.0615,0.0333,0.089,-0.1415,0.0995,27.2676,5.6542,3.1538,12.1416,-0.2065,10724.97
600256,1,2.1837,0.7221,-0.3614,-0.4507,0.122,-0.1428,-0.1429,27.1031,8.5438,3.1734,12.9792,-0.5074,17788.14
600257,1,0.4672,0.7481,-0.6412,0.0267,0.0642,-0.1299,0.1098,27.2047,7.0646,3.6218,11.7296,-0.2277,14703.88
600258,0,-0.7863,0.6271,-0.4291,-0.2853,0.1895,-0.1711,0.2604,25.667,6.2113,5.752,11.575,-0.8532,3429.889
600259,1,0.2302,1.0951,-0.5926,-0.0973,-0.0348,-0.1652,0.4448,25.2597,6.055,4.4101,16.0399,1.128,5945.437
600260,1,0.0714,1.0481,-0.3596,0.1476,0.083,-0.1252,-0.0468,28.6433,4.132,3.3224,10.5721,-0.2998,14878.5
600261,1,1.521,0.6583,-0.1885,0.3363,0.1145,-0.0704,-0.093,12.7387,3.4235,2.6382,11.4406,-0.1774,4297.287
600262,1,0.1382,0.893,-0.6883,0.1723,0.0047,-0.0881,-0.0741,20.4935,3.9624,2.6967,10.7212,-0.3811,2599.82
600265,1,0.1422,0.7468,-0.5298,-0.383,0.0091,-0.1713,-0.0203,33.0957,7.2898,3.9361,10.7508,-0.1523,2922.585
600266,0,-0.9131,1.1883,0.2885,-0.0215,-0.0258,-0.0798,0.0903,13.8196,4.7931,3.6517,9.8769,-0.158,8997.377
600267,1,1.0201,0.364,-0.281,-0.0804,0.0612,-0.1087,-0.0137,18.1683,3.3099,2.8347,10.4588,0.1097,5457.895
600268,1,0.5633,0.4533,-0.585,-0.0816,0.1137,-0.204,-0.1763,37.747,12.1698,3.9551,13.219,0.2477,3883.795
600269,0,-1.2441,0.6459,-0.0334,0.0891,0.0279,-0.0092,0.1713,2.6508,0.4005,2.828,6.0996,-0.1818,12794.63
600270,0,-0.6066,1.0694,-0.499,-0.0345,0.0251,-0.103,0.129,19.8603,4.1789,3.1123,8.9276,-0.2735,7114.799
600271,1,0.4804,0.7623,-0.3972,0.0617,-0.0086,-0.0387,-0.116,9.8627,1.603,2.5093,10.3971,-0.156,9199.151
600272,0,-0.2324,1.0413,-0.7495,0.2805,0.0469,-0.059,0.1001,8.1586,0.2009,3.3798,11.3253,-0.0238,4743.431
600273,0,-0.2861,0.8652,-0.2534,-0.2515,0.1201,-0.1005,0.0478,14.5852,4.3426,3.1038,12.1512,0.0199,7996.966
600275,1,0.0132,1.2391,-0.3597,0.0771,0.1616,-0.1572,-0.1102,27.8507,6.1417,2.5429,10.9129,-0.3347,9837.307
600276,1,1.377,0.1381,-0.2459,0.1178,0.0849,-0.064,-0.0056,10.6052,2.6868,3.1983,7.9912,-0.0719,3276.932
600277,1,0.0302,0.9348,-0.389,-0.0949,0.0682,-0.1234,-0.0727,22.0024,4.149,3.8304,11.3514,-0.5625,5414.348
600278,1,0.7963,1.175,-0.3076,-0.0165,0.0187,-0.0927,0.1065,16.2646,4.2198,4.1543,11.4507,0.4406,4453.717
600279,0,-0.272,0.6637,-0.3171,0.0435,0.059,-0.1324,-0.0953,26.5559,3.3418,3.0961,11.3117,0.3695,4454.388
600280,1,1.7606,0.5226,-0.2719,-0.2466,0.2249,-0.1872,0.0813,29.4027,6.0957,4.4589,12.0191,-0.5298,1321.811
600281,1,0.391,1.0879,-0.2994,0.1639,0.1222,-0.1062,0.0748,21.0019,3.9642,3.4281,11.9509,-0.7195,6403.903
600282,0,-2.2501,1.2754,-0.3212,0.1432,0.0411,-0.0812,0.0576,13.5323,4.1813,3.9944,7.6102,-0.5903,9976.024
600283,0,-0.5298,0.9759,-0.4588,0.0888,0.0465,-0.0614,0.0055,11.6685,0.9483,2.6491,10.4685,-0.0377,6661.609
600284,0,-0.381,0.978,-0.2837,0.1888,0.0061,-0.1056,0.0765,16.485,0.7872,3.8688,10.9683,0.0922,8088.298
600285,1,0.6941,0.7212,-0.6724,0.3247,0.057,-0.0825,0.2009,16.3088,3.8494,4.5641,10.9168,-0.6222,6223.125
600287,1,0.1832,0.9493,-0.4741,-0.208,0.1059,-0.1553,0.1419,27.9079,5.335,2.8907,11.4406,-0.3756,6188.651
600288,0,-0.1346,1.0139,-0.2006,0.1983,0.09,-0.1621,0.0115,30.6117,2.7783,3.1974,11.8246,-0.1867,11270.73
600289,1,0.4694,0.6488,-0.6606,0.1068,0.0978,-0.1607,0.2083,32.3154,10.5178,3.1385,12.3637,-0.3229,11922.3
600290,0,-1.3728,1.354,0.0676,-0.097,0.0401,-0.2099,-0.1929,30.5599,7.315,6.8714,15.192,0.6846,6706.062
600291,0,-1.1141,1.4222,-0.2913,0.0196,0.0303,-0.1428,-0.1834,21.5789,6.8182,4.1693,11.272,0.3213,6580.112
600292,1,0.7782,0.9708,-0.4102,0.0045,0.1482,-0.123,0.0206,22.2597,6.0025,2.6294,11.2943,-0.0941,5261.971
600293,0,-0.6818,0.7592,-0.9508,-0.337,0.061,-0.1358,-0.0813,23.5352,-0.338,6.954,13.282,-0.962,9737.608
600295,0,-0.5244,0.8116,-0.5256,0.164,0.1326,-0.1201,0.0741,22.8904,4.9516,3.4916,11.8358,-0.1497,6773.521
600297,1,0.9567,0.5551,-0.1956,0.0179,0.1806,-0.1106,-0.0264,24.9535,6.8228,3.3272,10.6357,0.0253,4958.407
600298,0,-0.6258,0.5602,-0.3934,0.084,0.1449,-0.0899,0.0202,12.8189,3.1045,3.4984,10.2289,-0.3492,3231.302
600299,0,-2.5023,1.1578,-0.6276,0.1098,0.0944,-0.2014,0.2861,37.4915,9.2769,3.6888,13.1159,-0.6446,7079.176
600300,1,0.737,1.1271,-0.1426,0.6175,0.0917,-0.146,0.0859,27.2963,8.9847,4.6515,13.7935,0.8231,24791.15
600301,0,-1.5016,0.9301,-0.1751,0.1582,0.1119,-0.175,-0.1012,34.5581,6.5921,3.2173,11.6455,-0.3315,4090.312
600302,0,-1.0362,0.8329,0.1266,-0.0836,0.119,-0.1373,-0.033,22.3917,4.4265,2.8926,9.4708,-0.3718,5797.384
600303,0,-0.441,0.8345,-0.5342,-0.2542,0.0726,-0.0716,0.0927,16.0635,5.76,3.1232,11.6239,-0.1345,11196.58
600305,1,1.0893,0.5366,-0.2239,0.017,0.1487,-0.0869,0.0077,14.8791,3.0632,2.7605,10.5855,-0.3481,1852.522
600306,0,-0.5828,0.3117,-0.1709,-0.2806,0.1061,-0.0438,-0.3016,13.5477,0.6677,4.1929,12.7105,0.1934,3234.722
600307,0,-1.6842,1.5572,-0.1778,0.121,0.0274,-0.0937,0.0456,16.5587,5.1419,3.6972,9.7673,-0.3565,9576.081
600308,0,-2.2635,1.0452,-0.2938,0.2181,0.0746,-0.0984,-0.0377,17.6456,3.6226,4.3751,7.3946,-0.7998,9693.535
600309,0,-0.6968,0.9164,-0.0768,0.1829,0.0174,-0.0732,-0.0441,9.4268,0.1021,3.0947,9.3634,-0.1532,13190.34
600310,0,-0.694,1.2263,-0.4403,0.1171,0.0131,-0.107,0.0069,20.8392,3.4743,4.1423,10.1972,-0.6215,1767.226
600311,0,-0.0354,1.3911,-0.1746,-0.2034,0.0384,-0.2714,0.2082,44.2134,10.9561,5.5298,16.7815,0.1604,19596.39
600312,1,0.4628,0.4838,-0.5375,-0.0591,-0.0031,-0.1476,-0.154,29.1018,10.0453,3.7939,12.5823,0.1666,12369.26
600313,0,-0.093,1.31,-0.5644,-0.2598,0.073,-0.112,-0.1201,22.1876,3.6553,2.7756,8.8069,-0.3431,4602.581
600315,1,1.1455,0.1341,-0.3868,0.0751,0.0278,-0.0195,-0.2068,3.4136,1.0888,2.9945,9.1585,-0.8256,2315.838
600316,1,0.379,1.0855,-0.8396,-0.1669,0.1056,-0.1034,0.1436,20.858,9.2266,2.5932,13.4687,-0.0019,7060.468
600317,0,-0.986,0.617,-0.16,-0.0796,0.101,-0.0477,0.0549,8.8206,1.0874,3.1192,7.8305,-0.0303,6599.088
600318,0,-0.4017,1.1542,-0.0982,0.1017,0.0713,-0.1552,-0.0997,27.8123,8.2049,3.2628,13.5067,0.0063,5925.445
600319,0,-0.5596,0.8728,-0.2209,0.0677,0.1051,-0.1096,-0.0681,23.8491,5.9499,3.0836,9.9828,-0.6057,4701.466
600320,0,-2.0494,1.2508,-0.2371,0.14,0.013,-0.0713,0.2267,10.8102,1.4766,3.9199,7.7404,-0.5512,15576.73
600321,0,-0.0954,0.8469,-0.4592,-0.1003,-0.0133,-0.1653,-0.003,31.2689,7.6309,4.2476,11.1044,0.0859,10599.04
600322,0,-1.4686,1.0694,0.1976,0.0563,-0.0373,-0.0951,-0.0537,18.3031,4.3231,3.2628,9.4378,0.0199,16005.64
600323,0,-0.0756,0.6481,-0.1858,0.1497,0.0235,-0.0343,0.0737,8.6574,1.1766,2.4666,8.2731,-0.037,4989.296
600325,0,-0.9391,0.9537,0.4957,0.1338,-0.0598,-0.1115,-0.0786,19.521,6.1572,3.1876,11.0892,0.1055,11239.15
600326,1,0.6783,1.4159,-0.0868,-0.1004,0.0191,-0.0531,-0.2767,13.9917,7.2941,3.5772,13.1539,0.3979,11715.2
600327,0,-0.3271,0.6121,-0.2239,-0.0843,0.1235,-0.0817,0.0974,15.4721,3.9386,4.4107,9.5305,0.1773,5393.491
600328,0,-0.5926,1.0492,-0.6729,0.0073,0.0915,-0.1155,0.0683,22.9555,5.8692,3.0756,10.7551,-0.3157,6751.15
600329,1,1.3835,0.0893,-0.153,-0.1124,0.1999,-0.1344,-0.0935,27.3878,3.9694,2.732,11.4192,-0.5787,4533.853
600330,1,0.2694,0.8976,-0.1854,-0.1599,0.1298,-0.1224,0.0934,21.1625,4.2279,2.9755,13.1137,-0.2816,17645.89
600331,0,-1.3491,1.4774,0.2254,-0.2321,0.0672,-0.151,0.0816,28.4735,10.8369,5.1043,13.2542,0.4554,19595.63
600332,1,0.6494,0.6702,-0.4732,0.4558,0.1491,-0.0956,0.0494,19.1326,5.6135,5.2777,12.9607,0.6181,10043
600333,1,0.0267,0.9277,-0.4784,-0.3486,0.1159,-0.0961,0.0263,18.9362,5.6605,6.948,12.4618,0.3724,9660.552
600335,1,1.6034,1.0223,-0.4809,-0.117,0.0349,-0.1084,0.0495,21.9772,6.3745,3.1732,13.9184,0.2206,5108.28
600336,1,1.3537,0.8756,-0.5545,-0.0391,0.0272,-0.0118,-0.1849,12.2247,4.756,3.0304,11.7862,-0.3507,8998.141
600337,0,-0.2292,0.8529,-0.5491,0.1621,0.1378,-0.1375,-0.0995,24.151,4.9019,3.2318,11.3601,-0.2801,8883.242
600338,0,-2.7623,1.178,-0.9743,0.28,-0.0412,-0.0791,-0.6789,13.6659,2.2443,2.8731,10.3262,-0.4903,2736.441
600339,0,-0.4238,0.8926,-0.4443,-0.2073,0.0714,-0.0933,0.1343,19.2186,2.2844,2.6314,11.0824,-0.0493,12399.17
600340,1,1.8428,0.7586,-0.1982,-0.1544,0.1106,-0.1231,0.0615,14.6664,-0.4309,6.8084,12.4635,-1.3671,4363.645
600343,1,0.1138,1.1653,-0.7833,-0.3805,0.1399,-0.1731,0.0121,27.5735,5.1384,3.3186,13.1236,-0.056,4372.465
600345,0,-0.2054,0.85,-0.405,0.3377,0.0986,-0.1677,-0.0008,31.951,4.9289,3.4484,11.0126,-0.3165,3306.039
600346,0,-0.0039,0.9203,-0.6978,0.0253,0.0943,-0.1284,-0.058,27.702,6.1417,2.9582,11.2714,-0.3219,4342.204
600348,0,-0.631,1.0119,-0.2268,0.0455,0.11,-0.0493,0.1877,14.1411,4.3235,3.6362,12.4038,0.2006,19953.14
600350,0,-1.1263,0.7389,-0.1226,0.0906,-0.0324,0.0262,0.1037,-0.2808,1.6594,4.3199,6.1479,-0.354,10328.36
600351,1,0.5556,0.4028,-0.1266,-0.1824,0.1087,-0.0752,-0.0671,13.3732,5.8827,2.8526,9.4355,-0.2564,8308.671
600352,1,0.0452,0.9181,-0.1757,-0.1288,0.0515,-0.1234,0.0573,17.8826,1.6333,4.6112,10.958,-0.3064,17739.95
600353,1,0.925,0.9435,-0.6388,-0.1948,0.0624,-0.1456,0.1217,29.7119,6.6432,3.6243,11.7071,-0.4517,4441.36
600354,1,0.6682,0.7597,-0.2439,-0.0208,0.0651,-0.1321,-0.0444,17.6637,7.3067,3.5816,14.7002,0.5268,10489.84
600355,1,0.6034,0.6486,-0.1582,0.121,0.0953,-0.1383,-0.0429,29.5473,5.3483,3.2335,11.1266,-0.5647,5095.353
600356,0,-0.7034,0.8709,-0.2834,0.2211,0.0262,-0.094,-0.0551,20.4774,4.4843,4.0276,7.7025,-0.5216,2112.66
600358,0,-0.8042,0.8648,-0.1903,-0.0328,0.1516,-0.1116,0.1017,18.0814,4.6176,4.5872,9.7658,-0.6704,7681.244
600359,0,-0.5885,0.7526,-0.6978,-0.0184,0.0816,-0.1194,0.0187,24.3397,4.3213,2.9108,12.4782,-0.0611,8539.987
600360,0,-0.6519,0.9135,-0.5137,-0.0885,0.0604,-0.1134,0.1685,20.3576,4.2245,2.3023,9.4206,-0.3753,12505.61
600361,0,-2.1218,0.9166,-0.2504,-0.1197,0.0643,-0.0837,0.0264,16.6201,2.2628,4.6913,8.6229,-0.5989,6440.888
600362,0,-1.118,1.5531,-0.0116,0.0402,0.1046,-0.0405,0.0035,8.981,3.9911,3.6336,10.4573,0.2824,16078.5
600363,1,0.6308,0.7971,-0.45,0.0881,0.1128,-0.1275,-0.0604,25.8884,7.366,3.545,12.2532,-0.078,11412.35
600365,0,-0.6758,0.7219,-0.7408,0.1317,0.0951,-0.1401,-0.0119,23.0314,7.0422,3.2465,11.6574,-0.4461,4116.608
600366,1,0.4309,0.9592,-0.4839,-0.3082,0.0618,-0.0824,0.0017,15.7556,4.3845,2.5092,11.2975,0.2999,11213.94
600367,0,-0.73,1.0964,-0.7749,-0.1741,0.0648,-0.1219,-0.0733,29.5169,5.9418,2.7437,12.1769,-0.266,5865.851
600368,0,-0.1801,0.9044,-0.18,-0.0928,0.0324,-0.0795,-0.0139,14.3046,4.1949,3.3775,11.7051,0.0217,8400.316
600369,0,-1.6359,1.5101,-0.2382,0.1514,0.0714,-0.0969,0.2485,13.5474,1.2195,3.8797,9.2425,0.2004,11755.59
600370,0,-0.3403,0.8874,-0.2778,-0.0248,0.0967,-0.1011,-0.0421,21.2321,3.5293,3.3149,8.2034,-0.3423,4340.929
600371,0,-0.8922,0.9025,-0.3911,-0.1123,0.0488,-0.1085,-0.0571,16.7741,4.3761,4.4647,13.3278,-0.4669,4663.463
600372,1,0.4314,1.6417,0.2968,0.1593,0.2933,-0.0693,0.1021,16.1832,5.3311,3.7189,11.9411,0.4596,4566.917
600373,1,1.5971,0.9615,0.0758,-0.03,0.1017,-0.1371,-0.1232,23.8179,5.3966,3.7289,13.2212,-0.1699,7082.591
600375,0,-0.6126,1.1096,-0.535,-0.0244,0.0803,-0.1012,-0.0432,17.577,3.8681,3.2666,11.1769,0.085,3757.265
600376,0,-1.4371,1.1727,0.5534,0.0201,0.0541,-0.1754,-0.0659,24.4511,7.3203,3.9485,14.1781,0.0237,11286.22
600377,0,-0.5788,0.5774,-0.0824,-0.108,-0.0349,0.0167,-0.0092,-0.4832,0.8852,3.6189,5.4982,-0.5409,5562.595
600378,1,0.5119,0.7621,-0.1709,-0.1412,0.0822,-0.1457,-0.1136,34.6486,6.528,2.893,12.4509,-0.3764,5961.092
600379,1,0.2954,1.0454,-0.2189,-0.5598,0.0255,-0.1064,0.1281,15.6848,4.7253,4.0559,11.5868,0.3499,4610.094
600380,0,-0.4914,0.9224,-0.4828,0.2092,0.1158,-0.152,-0.0853,26.6224,4.0512,4.1357,10.7378,-0.7279,11319.66
600381,0,-0.1869,0.9147,-0.4633,-0.3178,0.0295,-0.0922,-0.0848,22.7963,3.7375,2.7273,11.0496,-0.4103,18262.58
600382,0,-0.7679,1.1051,-0.5248,0.0613,0.0857,-0.0951,0.1668,19.3537,6.0758,2.9952,8.7088,-0.5935,8909.249
600383,0,-0.3333,0.8544,0.4043,0.2478,0.0273,-0.0636,-0.1974,8.2832,1.7545,3.2181,9.8046,0.3198,60081.48
600385,0,-0.9554,0.919,-0.1425,0.036,0.1101,-0.1337,-0.1395,16.8816,0.9659,4.7836,10.0009,-1.1926,3085.111
600386,0,-0.8075,0.7356,-0.0733,0.0859,0.049,-0.1058,0.0855,20.0591,6.2353,7.4063,10.8426,-0.9876,5922.05
600387,1,0.3043,0.9681,-0.2255,0.2227,0.1384,-0.0834,-0.1642,17.6785,2.769,2.9832,9.5652,-0.3356,6683.078
600388,1,1.7635,0.7487,-0.8039,0.0465,0.0754,-0.0923,0.1284,15.9388,4.0833,5.4937,11.8975,0.8898,6828.446
600389,1,0.7531,0.7598,-0.8493,0.1266,0.0545,-0.1303,0.101,21.2516,3.8488,3.6416,14.1042,-0.231,3531.245
600390,1,0.3745,1.2266,-0.5818,-0.2195,0.0866,-0.1047,-0.2295,23.626,6.4383,5.379,14.6357,0.3261,4366.567
600391,1,0.5937,1.259,-0.9214,0.0273,0.0771,-0.1629,0.1561,28.2746,6.9671,3.3182,12.4073,-0.4618,3156.666
600392,0,-1.853,0.5645,-0.3154,-0.0888,0.1949,-0.1083,-0.2381,30.1826,8.0066,3.5159,13.4263,-0.2063,3304.028
600393,0,-0.6284,1.1835,-0.16,0.189,0.0035,-0.1568,-0.0659,29.25,4.2823,2.6278,12.0436,-0.156,5674.206
600395,1,0.0585,1.1694,-0.0428,0.2259,0.0378,-0.0547,0.1743,11.8295,3.0678,2.7845,12.6321,0.1713,9650.876
600396,0,-1.5055,1.1259,-0.518,0.1004,0.0473,-0.1582,0.0606,24.2272,7.2108,6.6445,10.5135,-0.8123,5992.935
600397,0,-0.5787,1.0289,-0.2419,-0.0678,0.134,-0.1374,-0.1013,27.6417,4.0083,4.459,13.1321,0.2822,5763.229
600398,0,-0.4515,0.7715,-0.0517,-0.119,0.142,-0.1195,-0.1006,26.3452,5.0388,2.5472,9.8182,-0.2193,11640.05
600399,1,0.114,1.0424,-0.4529,0.3908,0.0895,-0.1761,0.0098,33.1528,8.0109,3.3111,11.8022,-0.2297,7568.244
600400,0,-0.4095,0.9365,-0.41,-0.0125,0.0649,-0.1072,-0.0726,23.1584,4.3683,4.1126,11.2577,-0.3299,8962.718
600401,0,-0.376,0.887,-0.3718,-0.3743,0.3398,-0.0648,-0.3546,11.5747,-1.4199,2.9541,12.586,-0.1452,11340.44
600403,0,-0.2074,1.0661,-0.5496,-0.1178,0.0535,-0.0893,-0.0253,20.3494,4.3178,2.6733,9.6885,-0.0937,3103.588
600405,1,0.6676,0.8386,-0.8456,-0.3883,0.0919,-0.1591,0.1823,32.336,8.156,3.5795,12.1451,-0.3959,6852.82
600406,1,2.594,0.364,-0.6672,-0.3652,0.1348,-0.1135,-0.0917,20.5889,4.7271,3.3928,12.6596,-0.0874,7303.8
600408,0,-1.5726,1.2718,-0.3901,0.0181,0.0702,-0.0734,0.076,12.2967,4.8618,5.876,10.559,0.1052,18929.68
600409,0,-1.479,1.1897,-0.1936,0.1057,0.0746,-0.0986,-0.0251,16.176,5.1637,3.7263,11.2357,-0.1173,16283.83
600410,0,-0.5617,0.9964,-0.7123,0.0651,0.0416,-0.162,0.1211,32.2303,9.2936,3.936,12.2677,-0.4707,8497.224
600415,1,0.2615,0.4121,0.3683,-0.0435,0.0846,-0.0975,0.0268,23.2397,5.2496,4.1408,10.5025,0.7797,10432.75
600416,1,0.0314,1.1309,-0.1987,-0.3,0.1011,-0.0885,-0.173,19.2785,2.6299,2.6424,11.9495,0.0269,6738.084
600418,1,0.7055,1.0949,-0.2932,-0.1929,0.0592,-0.0816,0.1033,17.6568,5.9483,2.366,11.9097,0.1069,19997.39
600419,1,1.483,1.317,-0.6068,0.01,0.0668,-0.141,-0.4344,25.1956,4.1651,2.9915,10.4967,-0.2021,1407.389
600420,1,0.4282,0.6074,-0.4752,0.0675,0.1411,-0.1077,0.2194,17.8505,4.8806,3.2271,9.9756,-0.2286,3468.331
600421,1,2.7661,1.1117,-0.0492,-0.1273,0.0945,-0.1945,-1.0885,39.8965,7.6896,4.9245,11.7642,-0.5982,2842.341
600422,1,1.9528,0.5519,-0.2055,-0.1034,0.1199,-0.1248,0.0041,21.062,4.3131,3.736,11.4771,-0.4612,5256.013
600423,0,-1.8376,0.9565,-0.7021,-0.1757,0.024,-0.1318,-0.2225,23.9186,4.5468,3.2717,10.2893,0.0429,5587.305
600425,1,0.241,1.1379,-0.0223,-0.2395,-0.0068,-0.1388,0.0486,25.6738,10.2145,3.2183,13.6633,0.5587,8744.675
600426,0,-0.8788,0.9171,-0.5736,0.0793,0.0681,-0.1549,0.0632,29.2124,6.1818,3.0383,11.4403,-0.1395,8683.952
600428,0,-1.7279,1.2036,-0.1764,-0.0217,0.0212,-0.1058,-0.0059,18.8255,3.4564,3.5503,8.4523,-0.1774,13755.36
600429,0,-1.1497,0.7988,-0.5541,-0.0857,0.0723,-0.2662,-0.0977,33.2886,4.9053,3.9387,11.6397,-0.2632,9426.974
600432,0,-1.4559,1.2849,-0.0567,0.1669,0.1112,-0.1013,0.0574,15.5987,7.0814,3.2456,10.5796,0.0175,7961.21
600433,1,2.1125,0.87,-0.418,0.2275,0.0844,-0.1275,0.1311,18.0468,1.9877,4.1454,14.9038,-0.1428,8126.114
600435,1,1.7495,1.3267,-0.4674,0.1148,-0.0274,-0.186,0.1943,31.3657,7.8391,2.8971,12.3402,0.3295,14089.36
600436,1,1.2731,0.3222,-0.1946,0.1148,0.0605,-0.0674,-0.0295,12.4137,3.3706,4.7281,9.5541,0.3722,1081.358
600438,0,-1.1533,0.9109,-0.2245,0.0205,0.0722,-0.1328,-0.0156,20.2623,4.181,3.6465,12.3613,-0.4523,9248.472
600439,0,-0.8919,0.6637,-0.3165,0.0308,0.101,-0.1514,0.0665,25.556,1.6853,6.083,10.4895,-0.752,9809
600444,1,0.0283,0.4227,-0.0659,-0.1783,0.0621,-0.2052,0.0005,39.2317,7.4995,3.1099,12.004,-0.1396,1522.929
600446,1,1.7119,0.9742,-0.3467,0.2463,0.0478,-0.1164,-0.0279,19.1014,4.1687,4.1593,12.029,-0.0853,4166.429
600448,1,0.0133,0.894,-0.126,-0.0486,0.0821,-0.1071,-0.0409,22.3087,2.6939,2.7403,8.9326,-0.3576,5862.666
600449,0,-0.1025,1.1365,-0.0453,0.0891,-0.0795,-0.1282,-0.1083,24.9594,9.522,4.2323,12.9672,0.6189,4991.033
600452,0,-0.1419,0.7897,-0.7059,-0.1447,0.0842,-0.0883,0.0591,15.3895,4.7099,2.815,10.3124,-0.392,2809.435
600455,1,1.664,1.1435,0.6204,-0.0887,-0.0539,-0.1431,-0.0971,31.536,4.0643,2.6276,11.6869,-0.2466,1413.511
600456,0,-1.4568,1.2024,-0.8061,-0.3368,0.0273,-0.1319,0.0785,23.6016,4.7996,3.5422,10.5002,-0.5603,6902.211
600458,1,0.829,0.8135,-0.3363,-0.3262,-0.027,-0.0266,-0.1065,10.5246,1.9214,2.5273,12.294,-0.2732,6277.225
600459,0,-0.0251,1.3331,-0.5369,-0.2222,0.0662,-0.097,0.0704,18.6427,11.1492,5.7017,13.9137,0.8185,3021.341
600460,1,1.1677,0.7019,-0.6255,-0.1035,0.1626,-0.1516,0.0303,29.3761,5.9232,3.374,11.8723,0.1661,8685.906
600461,0,-0.3429,0.8638,-0.2695,-0.1689,0.0768,-0.049,0.0719,8.2031,0.2917,3.1399,8.8696,-0.0757,3600.924
600462,1,0.2057,0.9214,-0.3735,0.273,0.1077,-0.1112,-0.249,27.4852,4.2205,3.5371,10.9399,-0.5932,4924.228
600463,0,-0.021,1.0207,-0.2696,-0.2111,-0.0049,-0.112,-0.0603,19.889,2.3088,2.738,8.5215,-0.1762,3437.842
600466,1,0.3587,1.2581,0.3257,0.4,0.121,-0.0993,-0.2174,24.0737,3.1253,3.7947,11.0463,0.3117,10099.84
600467,0,-1.1959,0.8592,-0.6559,0.0158,0.0607,-0.075,-0.0573,11.8037,4.9076,3.1818,11.0359,-0.0922,10596.6
600468,1,0.8676,0.9082,-0.3432,-0.205,0.1728,-0.1278,0.0887,22.3431,2.1191,2.7071,12.6122,-0.0322,3607.025
600469,0,-0.6796,1.0466,-0.1204,0.3907,0.1382,-0.1009,0.046,20.49,4.9471,4.9153,10.9991,-0.8262,5466.626
600470,1,0.3518,0.801,-0.5038,-0.0386,0.0287,-0.0954,-0.0162,18.0408,3.9745,2.5016,11.5507,-0.0555,15848.44
600475,0,-0.6502,0.8691,-0.1199,0.0512,0.1404,-0.1592,0.042,28.3954,5.8578,3.7455,11.8775,0.2547,4377.616
600476,1,0.5311,0.8753,-0.3176,0.0339,0.0186,-0.0976,-0.117,22.0795,1.9027,3.3644,12.0909,-0.0351,3135.869
600477,0,-1.2324,0.9787,-0.3925,-0.0095,0.0299,-0.0483,-0.1161,17.444,4.5663,4.4151,10.5309,-0.6715,6479.251
600478,1,0.9499,0.9289,-0.1634,0.0437,-0.0202,-0.0117,-0.2023,8.311,1.671,4.7191,14.6528,-0.2787,7917.271
600479,0,-0.4241,0.3625,-0.1346,-0.106,0.0792,-0.1311,-0.0239,23.8102,4.2775,2.3594,10.8143,-0.1418,3383.295
600480,0,-0.5946,0.8767,-0.2919,-0.2623,0.0542,-0.1385,0.0194,27.8305,5.7421,2.7193,10.0557,0.3259,5259.006
600481,1,0.1945,1.1014,-0.5473,-0.2421,0.1438,-0.0821,0.0306,15.9726,1.7573,3.0254,10.0203,-0.2213,9332.522
600482,1,0.1776,1.2697,0.0375,-0.1532,0.1109,-0.2112,0.0556,37.5229,11.1276,4.0609,14.6532,0.3184,11884.65
600483,0,-0.794,0.8138,-0.0177,0.1955,0.0975,-0.1246,-0.0271,25.8281,5.1971,2.8936,12.1147,-0.0868,7646.641
600485,1,0.0888,0.683,-0.7109,-0.085,0.074,-0.2287,0.0375,38.6944,7.9896,2.8067,13.1391,-0.0821,3744.424
600486,1,0.3955,0.4917,-0.4552,0.2652,0.092,-0.1018,-0.0414,17.9452,5.5065,2.4812,11.7115,-0.1759,2044.526
600487,1,0.4705,0.7394,-0.2577,0.1597,0.1064,-0.1677,-0.0126,32.1253,6.0125,2.8147,10.9317,-0.3887,3230.232
600488,0,-1.1794,0.6758,-0.4985,-0.0231,0.0705,-0.0992,0.1076,21.5891,4.754,6.601,10.1852,-1.309,8284.108
600489,0,-0.1375,0.9905,-0.3854,-0.1074,0.0847,-0.1144,0.1133,21.5395,5.4047,5.2243,12.5549,0.5727,15833.51
600490,1,1.3719,0.7708,-0.1851,0.0335,0.066,-0.1176,0.0783,18.148,0.7927,3.8541,9.9948,-0.7406,2915.482
600491,0,-0.0029,0.9244,-0.1866,0.4659,0.1031,-0.114,0.0404,19.7579,8.302,3.5139,13.6265,0.0164,8398.256
600493,1,0.0602,0.8357,-0.3105,-0.2419,0.0912,-0.109,-0.0798,22.3699,5.9427,3.0168,9.7608,-0.2908,5067.849
600495,1,0.1298,0.9125,-0.4448,0.2352,-0.1346,0.0034,-0.0712,2.3236,0.7347,2.9758,11.3578,0.0401,7248.402
600496,1,0.4139,1.2183,-0.3479,0.3784,-0.0217,-0.1194,-0.1593,20.227,3.5802,5.1633,12.1638,0.6818,7424.832
600497,0,-1.1122,1.4169,0.0492,0.0219,0.0727,-0.1409,0.1957,26.2237,8.7756,3.34,11.098,-0.1524,11676.5
600498,1,1.1886,0.6565,-0.6543,0.3304,0.0701,-0.1282,-0.109,23.1772,5.0659,3.7811,11.0222,-0.501,6066.581
600499,1,0.8314,0.9763,-0.5048,-0.1063,0.0936,-0.1647,0.1159,29.1382,3.6261,3.0549,12.9721,-0.3756,7724.914
600500,0,-1.0383,0.9597,-0.4659,0.0655,0.0462,-0.0909,0.038,17.6009,2.792,3.5954,7.9585,-0.8094,11857.37
600501,1,0.317,0.806,-0.5947,-0.0476,0.1204,-0.1587,0.102,32.9575,8.1411,3.8778,11.6423,-0.8418,7145.609
600502,1,1.4457,0.9863,-0.1959,0.2018,0.0966,-0.062,-0.0752,8.0647,2.9227,5.0648,12.0464,0.894,10874.78
600503,0,-0.1225,0.9882,-0.0932,0.3737,0.0703,-0.1251,-0.0792,23.7257,2.4946,2.2882,11.3691,-0.1295,19473.17
600505,1,0.4333,0.9546,-0.2617,0.0879,0.0751,-0.0742,-0.0229,17.0331,4.3024,2.9475,8.1586,-0.0774,5198.079
600506,0,-0.7917,0.8619,-0.6886,0.1248,0.0825,-0.0759,-0.0283,18.7812,4.9078,3.3474,9.4953,-0.0632,4035.855
600507,1,0.67,1.1815,-0.1781,0.042,0.161,-0.1289,-0.0241,20.7657,5.476,3.575,12.0144,0.012,8725.121
600508,0,-1.1537,1.2976,-0.4417,0.0835,0.0276,-0.0263,-0.0419,8.4971,4.3918,3.4901,8.2178,0.1733,6549.357
600509,0,-1.1126,0.7803,-0.7345,-0.0707,0.1287,-0.1719,0.1192,30.7933,6.1591,5.0537,12.1391,-0.5277,11005.29
600510,0,-0.6412,1.0254,-0.1099,0.2205,0.0507,-0.1756,-0.1083,37.1766,5.6921,3.8058,11.78,-0.0978,6219.697
600511,1,0.5112,0.216,-0.1639,-0.0191,0.1068,-0.1068,0.1221,21.3483,3.9895,2.4511,9.3647,-0.0032,3762.065
600512,0,-0.9724,0.9049,-0.3768,-0.0275,0.0426,-0.081,-0.0198,13.445,3.0204,3.2409,8.7405,-0.0277,10496.93
600513,1,0.8991,0.8664,-0.5226,0.1517,0.0545,-0.0865,-0.0216,20.3912,5.4509,7.8855,13.8635,1.3414,3462.78
600515,1,1.783,0.8016,-0.2158,-0.1064,0.0992,-0.1612,-0.6009,34.335,4.1143,4.7728,13.3979,-0.4914,7502.482
600516,1,0.1819,1.0881,-0.2426,0.1843,0.089,-0.0996,-0.0002,19.9207,6.0975,3.6407,11.7439,-0.224,20417.42
600517,1,0.1258,0.4795,-0.3227,-0.2271,0.0468,-0.1348,-0.0917,14.5011,3.9217,5.5062,12.0679,1.0873,5139.687
600518,1,1.5132,0.322,-0.2469,0.1983,0.1132,-0.0926,0.0589,15.3526,4.1392,2.6059,10.1548,-0.0886,21441.08
600519,0,-0.0167,0.4173,-0.049,0.0548,0.0722,-0.0894,0.0432,12.8545,3.4684,3.8649,8.8762,-0.2637,3010.134
600520,1,0.2207,0.5485,-0.7659,-0.1889,0.1764,-0.1137,-0.1795,26.0744,3.6918,4.9553,13.9111,-0.3476,3274.222
600521,1,0.7505,0.3995,-0.484,-0.2342,0.1159,-0.1286,-0.0091,25.5235,5.9908,3.5848,12.669,0.0397,4619.755
600522,1,0.9362,0.8391,-0.1644,0.159,0.075,-0.1446,-0.0817,25.6869,5.2233,2.9639,9.4617,-0.1163,8132.129
600523,1,0.2956,1.0027,-0.4992,0.0595,0.0371,-0.195,-0.0913,36.0443,6.8734,2.8986,13.8586,0.3713,4308.354
600525,1,1.3075,0.5007,-0.3754,-0.0695,0.1113,-0.1956,-0.1259,31.6726,5.0919,4.2258,13.4775,0.265,5860.593
600526,1,0.0068,0.9805,-0.2851,-0.1216,-0.0045,-0.0958,-0.0302,15.0204,1.5119,2.886,10.3069,0.1864,4283.665
600527,1,0.329,1.1599,-0.2241,0.3361,0.0237,-0.1264,-0.0089,21.4494,6.022,3.2493,9.6702,-0.1172,7415.365
600528,0,-1.1505,1.0397,-0.3849,0.3078,-0.0975,-0.0397,-0.102,8.3787,0.8611,3.1147,10.5849,-0.0068,19526.31
600529,0,-0.3946,0.478,-0.6092,0.0524,0.0167,-0.0493,-0.0726,14.2246,4.4054,3.8092,8.1376,-0.7439,4277.397
600530,0,-0.1948,1.0091,-0.0883,0.0034,0.1268,-0.0734,-0.0073,17.41,0.6422,3.5299,10.0338,-0.2254,4834.139
600531,0,-0.37,1.3827,-0.2505,-0.1566,0.0773,-0.0843,0.0879,19.4431,6.6309,2.9562,12.4925,-0.0045,5520.93
600532,0,-0.4211,1.0947,-0.6229,-0.0036,-0.0043,-0.1442,-0.2863,29.8599,5.8485,3.1709,12.2625,-0.1648,5002.065
600533,0,-1.5403,1.0689,-0.0826,0.2548,-0.0091,-0.0932,-0.1312,15.1089,4.6423,4.3397,9.0418,-0.0022,11797.11
600535,1,1.5837,0.4027,-0.2803,0.0749,0.0306,-0.053,0.0758,6.6646,0.449,3.5966,9.2217,-0.6575,3781.396
600536,1,1.5357,1.1506,-0.0657,0.3274,0.0277,-0.1474,-0.0833,28.9853,3.2711,5.7972,14.8084,1.0951,3207.38
600537,0,-0.0817,1.1253,-0.1527,-0.2747,0.1369,-0.048,-0.1164,11.6084,4.0026,2.7033,13.4362,-0.1068,7047.228
600538,0,-0.3591,0.8421,-0.4436,0.1205,0.1561,-0.1415,-0.0035,21.0617,0.8571,3.937,12.8832,-0.3996,7692.872
600539,0,-0.258,0.9416,-0.6148,-0.0371,-0.0048,-0.1204,-0.1311,26.088,6.0311,3.6208,12.4006,0.194,4878.552
600540,0,-0.1215,0.9303,-0.6719,-0.0423,0.0734,-0.1094,0.0852,21.3203,5.9565,3.2421,11.9693,-0.055,7257.351
600543,0,-0.1675,0.8317,-0.4497,0.082,0.0126,-0.1219,-0.0945,24.3276,7.1399,2.7334,10.92,-0.2039,6681.301
600545,0,-0.0275,1.0623,-0.2828,-0.1968,0.0222,-0.1189,0.0238,23.875,6.0164,2.7919,11.6654,0.0847,13191.74
600546,0,-0.579,1.279,-0.4442,0.2329,0.0259,-0.0758,-0.1444,17.2667,7.5957,2.6201,12.0746,-0.1962,6797.953
600547,0,-0.0235,0.6989,-0.3706,-0.1701,0.0358,-0.1291,0.0191,27.1522,8.5841,3.8012,13.2981,-0.3532,13568.93
600548,0,-1.2373,1.0195,-0.2089,0.1882,-0.0109,-0.0309,0.3006,5.6159,1.8474,4.3851,7.9181,-0.5927,5154.293
600549,1,0.8437,1.212,-0.5708,-0.0201,-0.0076,-0.0841,0.2105,22.5977,8.091,3.1977,13.9024,0.3275,9440.461
600550,0,-2.2322,0.9715,-0.3019,-0.0997,0.0208,-0.1287,0.1462,22.2644,4.9463,3.3472,11.4095,0.294,11364.31
600551,1,0.2298,0.8757,-0.0224,0.0801,0.0161,-0.0863,0.0384,13.8537,2.9468,3.5133,10.6392,-0.2217,4320.286
600552,1,1.1546,0.5775,-0.8031,0.0684,0.2114,-0.1142,0.0263,20.0495,6.9401,6.0977,13.9021,0.623,2250.543
600555,0,-0.4639,1.024,0.0499,-0.0334,0.0424,-0.0631,-0.1807,14.2092,2.7436,3.6507,11.0458,0.4669,9371.351
600557,1,1.3043,0.3917,-0.1224,-0.0448,0.0788,-0.0978,0.0649,16.8664,3.4289,2.5931,10.3056,-0.2892,4016.069
600558,0,-0.4052,0.9707,-0.4925,-0.0768,0.0574,-0.094,0.2057,20.2382,4.058,5.8289,9.9966,-1.165,2405.06
600559,1,0.4317,0.8819,-0.8958,0.3476,0.1459,-0.0935,-0.4048,16.6031,6.4585,5.5251,13.5812,0.7171,2557.604
600560,1,0.9285,0.8447,-0.3355,-0.0613,0.0504,-0.0882,-0.0339,16.7861,3.7364,2.7944,8.9699,-0.3771,1812.201
600561,1,0.7283,0.7796,-0.1803,0.2591,0.0727,-0.0916,0.0164,17.367,4.2865,3.3177,8.8258,0.1127,2643.102
600562,1,0.8544,0.6924,-0.646,-0.0437,0.0685,-0.1383,-0.1104,22.9889,2.9384,3.2308,13.0705,0.1594,1172.488
600563,1,0.294,0.6924,-0.8327,-0.05,0.1381,-0.088,-0.1503,18.202,1.8347,3.7288,10.194,-0.233,3413.573
600565,1,0.0594,1.0421,-0.0872,-0.0347,0.0867,-0.104,0.0368,20.2015,5.3456,4.1464,11.0078,0.2172,10971.25
600566,1,1.1843,0.7641,-0.1975,-0.0162,0.0879,-0.1206,-0.0309,24.4588,4.6649,3.8668,10.2531,-0.6569,3137.285
600567,0,-1.4375,0.8301,-0.3023,-0.0368,0.0327,-0.0827,-0.0038,16.8904,4.041,2.8896,7.734,-0.3258,18379.18
600568,1,1.964,1.0826,-0.2939,-0.0241,-0.0096,-0.1648,-0.1948,29.1109,3.8709,3.1857,12.8639,-0.117,5073.112
600569,0,-2.0885,1.0918,-0.3166,0.1623,0.0289,-0.0727,0.0581,12.8481,5.4615,7.4435,7.4248,0.2792,14236.89
600570,1,1.3086,0.55,-0.1856,-0.2674,0.1191,-0.0895,0.0145,11.1148,2.4618,3.3315,9.2063,-0.1506,4057.167
600571,1,1.3775,0.616,-0.1955,0.0858,0.1222,-0.1475,0.0732,24.1424,3.7178,3.1794,11.9724,-0.1533,4354.706
600572,1,1.071,0.3539,-0.2007,0.1599,0.1708,-0.1079,-0.0606,22.1518,2.1509,3.9438,10.8915,-0.4315,9821.939
600573,0,-0.1788,0.7066,-0.3007,-0.2146,0.028,-0.0562,-0.0915,14.0292,2.8531,3.3147,7.8402,-0.7324,3370.122
600575,1,1.4715,1.074,-0.0861,-0.1296,0.1141,-0.0637,0.0217,13.0037,3.6942,4.4827,9.7845,0.2691,5610.583
600576,0,-0.8456,0.9469,-0.3186,-0.557,0.1445,-0.0997,0.2723,17.9053,2.7809,6.0852,13.2477,-0.8476,5475.079
600577,1,0.0523,0.6379,-0.2327,-0.1177,0.0532,-0.1179,-0.0134,21.9254,5.7129,3.2055,9.8269,-0.4432,7080.996
600578,0,-0.3798,1.0213,-0.2697,0.0775,0.023,-0.0877,-0.0048,14.7424,1.0931,5.251,11.1237,-0.7793,5098.958
600579,1,1.4815,0.9643,-0.2296,-0.2305,0.0597,-0.0749,-0.1668,15.4007,3.4326,2.6726,10.7772,-0.2731,2923.158
600580,0,-0.3771,0.6882,-0.6572,0.0639,0.0391,-0.0779,-0.168,15.4882,3.5083,4.1319,9.8112,-0.1356,8551.569
600581,0,-1.4278,1.4855,-0.4436,-0.025,-0.0111,-0.1247,-0.0789,20.2766,4.1044,4.6749,11.3077,0.3907,11494.39
600582,0,-0.0047,0.6118,-0.1548,-0.115,0.1092,-0.118,0.158,24.3332,4.4184,3.6375,11.6631,-0.0725,4919.115
600583,0,-0.6691,0.7515,0.0277,0.1468,0.0337,-0.0603,0.1514,8.9887,2.2674,5.7658,9.8403,-0.6123,27291.87
600584,1,0.2917,1.0249,-0.7368,-0.3282,0.0986,-0.061,-0.1646,12.5204,3.622,2.822,10.4503,-0.1277,23021.88
600585,0,-0.5525,1.0864,0.1634,0.2964,0.0125,-0.097,0.0374,15.9132,5.6086,3.7737,10.6555,0.1842,18563.03
600586,0,-0.6899,1.0783,-0.2369,-0.1271,0.0647,-0.1074,-0.1533,21.8152,6.067,4.1992,12.3423,0.5796,14285.71
600587,1,3.21,0.4734,-0.3318,0.5012,0.11,-0.05,-0.2207,12.2071,3.4423,7.2474,12.4909,-1.6376,2262.466
600588,1,1.2719,0.3662,-0.1486,-0.0352,0.1023,-0.1001,0.0505,17.4954,4.5085,3.7482,10.8091,0.0151,6392.063
600589,0,-0.9056,0.8462,-0.473,-0.029,0.0836,-0.0928,0.0165,20.3784,6.2877,3.4423,8.9155,-0.3825,9491.2
600590,0,-0.1286,0.9199,-0.4427,-0.2616,0.0783,-0.1155,-0.1338,22.5115,5.6114,2.6138,10.382,-0.133,7155.938
600592,1,0.1258,0.7254,-0.4538,0.2384,0.0863,-0.1134,-0.1001,20.141,4.9717,3.4532,11.4076,-0.1246,4947.001
600593,1,0.0523,0.6601,-0.0969,-0.2609,0.1325,-0.1227,0.0234,23.3012,6.142,4.1002,9.2604,-0.4328,1534.798
600594,1,2.1601,0.4277,-0.3312,0.2729,0.0891,-0.0744,0.1993,13.2822,4.6875,3.0776,11.3631,-0.3312,3397.335
600595,0,-0.8759,1.2324,-0.5176,0.2261,0.1482,-0.0595,0.0108,11.4368,4.2165,4.8872,10.2166,0.1625,10963.96
600596,0,-1.0456,0.7763,-0.5445,0.0306,0.0122,-0.0894,-0.0132,19.2053,4.4096,2.9712,12.829,0.0176,8888.819
600597,1,0.652,0.6367,-0.2058,0.0246,0.0951,-0.123,0.0153,20.0712,4.5156,3.2986,9.4582,-0.01,8493.518
600598,0,-0.541,0.7696,-0.4036,-0.0718,0.0116,-0.0834,0.1462,11.9155,4.5023,5.6543,12.7965,0.0777,23180.52
600599,0,-0.7035,0.652,-0.5876,0.2814,0.0498,-0.1763,-0.0573,32.6072,3.7616,4.1122,12.2906,-0.1898,5189.179
600600,1,0.3087,0.4216,-0.3793,0.2988,0.0524,-0.0396,-0.2204,7.1477,2.02,4.3617,7.3826,-0.668,3098.494
600601,0,-0.5099,0.7389,-0.1,-0.2186,0.0905,-0.0808,0.0085,14.6996,4.5622,3.98,8.0012,-0.6873,25844.06
600602,0,-0.9034,0.9164,-0.1571,-0.2643,0.1489,-0.0919,-0.0256,18.4421,6.3581,3.0841,9.5345,-0.1546,11201.47
600603,1,1.4896,0.8614,0.2611,0.0719,0.048,-0.1789,-0.2095,32.253,1.8631,2.5585,11.0137,-0.0542,3516.868
600604,1,1.0635,1.2284,-0.1467,-0.2667,0.025,-0.2064,-0.051,32.5127,6.1238,4.0482,12.9235,0.0577,2281.404
600605,0,-0.4072,0.9499,-0.1924,-0.0471,0.0733,-0.109,-0.1049,22.6559,3.8905,2.6702,11.1071,-0.3668,2426.939
600606,0,-2.0556,0.9741,-0.0564,-0.0031,0.0395,-0.0968,-0.0711,20.6384,3.9598,2.9439,9.9025,0.5475,9443.634
600608,1,1.3984,1.2665,0.2926,0.1231,-0.0041,-0.0982,-0.5644,20.9715,1.017,4.5858,10.0797,0.4912,5158.249
600609,0,-1.1916,1.1853,-0.2991,0.0461,0.022,-0.1292,-0.1246,26.8711,6.4988,3.353,9.2259,0.0216,12021.6
600610,1,0.8779,0.6391,-0.0358,0.3295,0.1267,-0.1456,-0.289,28.3266,4.1211,2.8323,11.9101,-0.3201,442.6232
600611,0,-0.3427,1.1861,-0.1108,-0.0572,0.0012,-0.0376,0.1019,6.8023,1.5996,2.6846,8.1476,-0.1825,13214.94
600612,1,1.3837,0.651,-0.1819,-0.2665,0.1266,-0.1053,0.0482,21.5398,3.2557,2.6578,13.9101,0.1064,2519.901
600613,0,-0.1372,0.7972,-0.1336,0.014,0.0841,-0.1194,-0.0566,22.2861,6.8143,3.2609,11.9515,0.2279,2351.169
600614,0,-0.1072,0.83,0.5441,0.3299,0.1539,-0.0483,-0.0358,12.3678,2.6017,3.6214,11.2338,0.5513,10235.13
600615,0,-0.1465,1.2705,-0.4074,-0.005,0.0363,-0.1867,0.0995,38.0328,5.5817,4.6097,13.3859,-0.6453,4466.363
600616,0,-0.8958,0.9431,-0.1862,0.3343,0.0233,-0.0728,0.0799,15.5782,2.008,3.7827,9.5643,-0.4708,5979.167
600617,0,-0.036,1.0932,-0.2724,-0.0955,0.0468,-0.102,-0.0523,13.4717,1.3634,5.1344,10.975,-0.843,1437.001
600618,1,0.7749,0.9663,-0.2484,0.0109,0.0805,-0.1379,0.0948,26.7768,5.6506,3.6067,13.1735,0.1695,7371.285
600619,1,0.1106,1.0344,-0.3783,0.1966,0.033,-0.0631,0.1954,9.7738,1.624,4.2236,10.1671,-0.2657,3916.252
600620,1,1.0001,0.8783,-0.2782,0.0739,-0.002,-0.0876,0.0956,13.1755,2.9158,3.5901,12.4796,0.0485,10773.61
600621,0,-0.0421,0.9662,-0.245,-0.02,0.0594,-0.0166,0.2165,4.5325,1.0968,3.8474,8.9659,-0.3379,8396.879
600622,0,-0.3872,1.0464,0.0056,0.006,0.0973,-0.0537,0.2609,12.9804,3.7031,4.443,10.5618,-0.2285,11408.93
600623,1,0.8166,0.6361,-0.1408,-0.0573,0.1957,-0.1108,-0.0659,14.3531,1.9468,10.4013,17.0939,1.8523,2798.694
600624,1,0.6062,0.7958,-0.4289,0.1223,0.1178,-0.1792,-0.0903,28.8093,5.2326,4.9373,13.2181,0.0069,12558.82
600626,1,0.6914,0.7911,0.0714,0.2905,0.1072,-0.0994,0.0435,17,1.8459,4.8929,12.0714,0.5118,11203.02
600628,0,-0.2711,0.8024,-0.3317,0.1095,0.0465,-0.0662,0.0452,13.2689,0.0122,3.4479,8.029,-0.4467,7354.779
600629,0,-0.5072,1.021,-0.3517,0.0033,0.0322,-0.244,0.0406,44.1231,4.8591,3.6228,12.387,-0.515,2048.083
600630,1,0.0839,0.7672,-0.3172,0.0772,0.1034,-0.1958,0.0255,32.1176,6.4377,4.5083,12.706,-0.2702,13439.76
600633,0,-0.1417,1.0817,0.0486,-0.1352,0.06,0.0091,0.1243,-4.9989,0.4616,3.1678,13.3438,-0.6084,5065.002
600634,0,-0.0233,1.2016,0.1536,0.1983,0.0706,-0.2082,-0.1653,42.1217,6.6285,4.0894,12.1417,-0.9634,1980.678
600635,0,-0.9153,1.0265,-0.2421,0.0514,0.0407,-0.1219,0.0034,17.6569,1.6392,3.9469,9.7555,0.0859,21654.4
600636,1,0.1245,1.2017,0.3739,0.264,0.1246,-0.1573,-0.033,32.2084,6.3447,3.01,12.897,-0.3015,11884.73
600637,1,1.723,0.8035,-0.0952,-0.1534,0.1162,-0.1148,0.0731,15.9692,4.8233,3.2781,13.5985,0.0261,11795.59
600638,0,-0.9137,1.0247,-0.5007,0.0973,-0.0098,-0.1249,0.0667,21.2117,2.2055,4.0153,9.2013,-0.5403,9135.006
600639,0,-1.2014,1.0881,0.0312,0.2593,-0.0432,-0.1471,0.027,26.0427,4.0914,4.3442,9.8915,0.2542,6017.933
600640,1,1.4884,1.1965,-0.3266,-0.3982,0.0078,-0.2804,0.1479,55.1506,10.281,2.9082,18.1302,0.2392,8190.239
600641,0,-0.9691,0.929,0.1415,0.0615,-0.0113,-0.1739,-0.0663,34.0096,9.4615,3.2361,11.6044,0.3568,8621.507
600642,0,-1.1692,0.873,-0.235,0.0765,0.0458,-0.0599,0.1396,9.4246,3.9394,4.801,6.9327,-0.1863,17350.76
600643,0,-0.3691,1.5246,0.1841,0.0074,0.0057,-0.1079,0.2184,19.5625,5.5664,3.8687,10.0861,-0.047,16789.39
600644,0,-0.9631,1.0385,-0.6341,-0.0052,0.0288,-0.1207,0.014,27.3792,4.5896,3.2326,12.0889,0.3705,9724.729
600645,1,1.4591,0.8861,0.0535,-0.3301,0.0159,-0.1157,0.1141,22.9886,1.6977,4.3426,12.7579,-0.1331,5492.792
600647,1,1.0807,0.9913,-0.2469,-0.144,0.0122,-0.1277,-0.126,21.7459,4.2863,4.2702,10.0083,0.3896,1454.942
600648,0,-1.0137,1.1274,-0.0096,0.027,0.006,-0.1028,-0.1391,15.4042,1.4993,3.5927,12.973,0.2264,4114.099
600649,0,-1.4075,1.0704,-0.0712,-0.0319,-0.0457,-0.0685,0.0383,12.0278,2.5498,3.4144,7.1585,-0.1889,15395.97
600650,0,-0.9014,0.9715,-0.1861,0.0961,0.0012,-0.0387,0.1846,9.5018,1.5516,3.0733,8.206,-0.4713,3708.628
600651,0,-0.8979,0.9859,-0.4737,-0.3327,0.1074,-0.0422,0.1089,8.407,3.2153,3.3888,9.8971,-0.2115,12571.74
600652,0,-0.3758,0.9863,-0.4244,-0.0997,0.0475,-0.0599,-0.0388,18.6585,4.2639,3.0069,9.8705,-0.0248,15906.01
600653,0,-0.5335,0.8509,-0.1832,-0.0909,0.0685,-0.1087,-0.0959,20.246,4.4106,2.894,7.8832,-0.2093,17754.04
600654,1,0.2119,0.8739,-0.3403,-0.0685,0.1192,-0.0598,-0.0031,10.5957,4.0867,2.8904,8.1015,0.0129,10768.45
600655,0,-0.0733,0.766,-0.058,-0.2255,0.0608,-0.1438,0.1855,26.7425,6.5137,3.3926,9.8484,-0.1962,12217.49
600656,1,1.7428,0.6384,0.2599,-0.1923,0.005,-0.1135,-0.1196,17.0646,-1.0382,3.1809,12.2298,-0.5033,5092.333
600657,0,-0.6917,1.1477,0.3407,-0.0739,0.0452,-0.0965,-0.1078,26.3444,3.5443,3.1348,10.7192,0.1483,9334.403
600658,1,0.1718,1.0851,-0.3197,-0.0269,0.0629,-0.1372,0.0733,22.6313,5.1312,3.4737,10.6896,-0.046,4730.067
600660,0,-0.5764,1.1286,-0.3932,0.328,0.0725,-0.0413,0.2634,4.495,1.6494,4.309,8.4072,-0.7691,15287.18
600661,1,0.7621,0.9732,-0.3916,-0.0147,0.0994,-0.0775,0.1326,15.0287,0.221,3.6052,12.3585,0.1719,4048.351
600662,0,-0.4772,0.8983,-0.2241,-0.0979,0.0705,-0.1167,0.1144,22.2552,4.2149,3.935,9.5862,-0.5982,9751.277
600663,0,-0.8294,0.9735,0.2066,0.1559,-0.0724,-0.1096,0.046,18.2097,2.2889,4.1318,11.1599,0.8503,5669.073
600664,1,0.2445,0.3324,-0.3921,-0.2126,0.0246,-0.1054,-0.0925,19.5819,7.065,4.452,8.738,0.4713,10241.08
600665,0,-0.8832,1.1386,0.2011,0.0661,-0.011,-0.1023,-0.013,18.3075,4.3365,4.2891,7.9928,0.0129,7067.447
600666,1,0.352,0.5886,-0.403,-0.0098,0.1067,-0.1544,0.0188,30.9286,5.3692,5.9534,9.8872,-1.337,5486.575
600667,0,-0.437,1.1416,-0.2932,-0.362,0.0986,-0.1451,-0.0305,26.7211,3.8598,3.2891,10.4076,-0.5194,14566.05
600668,1,0.1893,0.9656,-0.0536,0.2164,0.05,-0.1292,-0.1397,25.5015,5.4591,3.6948,11.8334,0.0837,12708.29
600671,1,0.8289,0.8932,-0.0718,0.0869,0.0492,-0.0995,-0.3004,18.1162,2.3859,3.4374,9.8313,-0.4298,2559.289
600673,1,0.4615,1.2411,-0.2831,0.0525,0.1273,-0.0777,-0.0894,16.4704,5.2742,3.0747,11.9422,-0.3672,9021.97
600674,0,-0.5008,1.0373,-0.3562,-0.0712,0.0372,-0.0059,0.1868,-2.3134,-2.7098,5.9602,11.4226,0.2469,11114.29
600675,0,-1.4796,1.2307,0.0534,-0.2626,-0.0687,-0.1177,-0.012,24.246,4.8508,2.782,10.4986,0.2273,21171.74
600676,1,0.177,1.0716,-0.1353,0.0283,0.0892,-0.0789,0.0264,15.1362,2.5565,4.0994,9.5744,0.0469,7178.225
600677,1,0.2668,1.0226,-0.1866,-0.0761,0.1148,-0.1606,0.0435,29.6139,9.6926,4.0779,12.9113,-0.0203,9861.828
600678,0,-1.1198,1.1592,-0.3049,0.3248,-0.054,-0.1352,-0.224,18.6929,3.6735,6.5414,14.0332,0.6711,9325.165
600679,0,-0.6475,1.0694,0.2404,-0.4009,0.1357,-0.1501,0.0807,28.9633,1.6624,4.8031,15.4697,0.4819,4017.972
600680,1,0.6003,1.0229,-0.3769,-0.1886,0.0333,-0.1421,-0.1316,24.6403,8.1442,3.6873,12.3236,-0.0156,2976.609
600682,0,-0.2882,0.8317,-0.3192,0.0644,0.0686,-0.1275,0.1482,21.2943,3.1634,5.7698,8.4574,-1.2599,3755.658
600683,0,-1.6687,1.1268,-0.0092,-0.0684,0.0965,-0.1943,-0.0796,33.4306,7.1882,2.9753,12.212,0.2755,7262.143
600684,1,0.2307,1.1365,0.3521,0.2095,0.0132,-0.1532,-0.0453,28.3389,5.8,4.527,11.7862,0.4645,6492.419
600685,0,-1.4561,1.1994,-0.2366,0.0926,0.0678,-0.1012,0.0695,17.9327,3.0043,3.2412,10.025,-0.2469,5762.442
600686,1,0.0121,1.0071,-0.1831,0.1417,0.0755,-0.0962,0.1024,17.6556,5.9715,3.7864,11.8017,-0.056,7698.211
600687,0,-1.1572,1.0743,0.1997,0.0802,0.0427,-0.0745,-0.1127,11.6817,1.6862,2.439,8.0408,-0.3029,4138.917
600688,1,0.4684,0.4545,-0.1901,0.3093,0.1086,-0.1274,0.0043,23.8451,4.8759,3.8748,7.9095,-0.1554,11617.64
600689,0,-0.6262,1.1408,-0.3069,0.1235,-0.0016,-0.0687,0.1005,18.6981,1.2408,3.395,12.044,-0.2666,4401.686
600690,1,1.0756,0.8333,-0.1038,0.3373,0.0266,-0.0026,-0.0622,2.2553,0.2161,4.2371,9.7623,-0.7378,13036.67
600691,1,1.1098,0.5266,-0.4005,0.0196,0.0661,-0.1371,-0.2594,28.3112,5.8018,3.6346,12.9804,-0.5805,2658.617
600692,1,0.9383,1.117,-0.2367,-0.0852,-0.0206,-0.0737,0.0797,14.5042,2.736,4.0477,12.3995,-0.0007,10516.41
600693,0,-0.5601,0.6415,-0.354,-0.1235,0.0158,-0.1245,-0.0472,23.7892,5.1306,3.0536,8.9872,-0.4399,4710.525
600694,0,-0.0107,0.3504,-0.3091,-0.1587,0.1596,-0.1368,-0.1102,22.137,6.5864,4.8194,11.842,0.3727,3160.946
600695,0,-0.837,1.0622,-0.3904,-0.0621,0.0035,-0.1362,0.2146,26.2714,2.2658,4.6633,11.3317,0.1467,5488.075
600696,1,0.7251,1.0436,-0.0713,0.0805,0.0414,-0.1651,0.2055,34.209,2.8691,3.9268,13.5973,-0.2181,12762.78
600697,0,-0.3986,0.4503,-0.0182,-0.0225,0.0863,-0.0902,-0.0777,15.8576,3.8332,2.7921,7.6676,-0.3686,1001.031
600698,0,-1.0403,1.0544,-0.3699,0.0107,0.0371,-0.1302,-0.4318,23.302,1.1475,2.688,8.7526,-0.263,6717.586
600699,1,0.6897,0.7801,-0.0826,-0.2807,0.2561,-0.1151,-0.1748,23.2584,1.676,4.3015,12.6622,0.3547,4570.357
600701,0,-0.659,0.9124,-0.3838,-0.2086,0.0893,-0.104,0.0097,20.7375,2.3635,3.3187,9.2333,-0.5782,11037.81
600702,1,0.3612,1.0873,-0.6404,0.316,0.0296,-0.0492,-0.2118,12.9743,4.8859,2.7588,13.3756,0.1953,7086.657
600703,1,2.1473,0.6759,-0.2849,0.1735,0.1575,-0.1283,-0.0423,20.3087,-2.3195,3.4371,13.6746,0.3859,8434.19
600704,0,-0.298,1.2982,-0.554,-0.1026,0.0339,-0.1138,0.1081,19.2558,4.0724,3.1313,10.3028,-0.2802,9413.173
600706,1,0.7561,0.6966,-0.0727,-0.0578,0.1102,-0.1188,-0.3495,22.9335,3.163,2.7727,11.4628,-0.1126,1321.621
600707,1,1.239,0.677,-0.4034,-0.3158,0.1568,-0.0908,-0.0004,18.8001,4.2304,2.7496,12.9537,-0.0287,8163.27
600708,1,0.3284,1.0718,-0.296,-0.083,0.0026,-0.0667,0.0689,13.0802,1.6641,4.924,11.3603,0.4562,7904.488
600710,0,-0.9381,1.1945,-0.4787,-0.143,0.0154,-0.1102,-0.0135,18.1566,4.236,3.5978,9.9114,-0.1971,9098.204
600711,0,-1.4764,1.0626,-0.3456,-0.2606,0.1088,-0.1472,-0.1236,29.59,8.4512,3.3644,13.2718,-0.0434,2164.003
600712,1,0.1479,0.8928,-0.2069,-0.0617,0.0568,-0.1312,-0.0958,26.7793,5.1902,3.3009,10.6481,0.0112,5865.193
600713,1,0.002,0.562,-0.5922,0.0056,0.1026,-0.1622,0.1313,27.7683,4.2123,4.5018,10.8216,-0.4155,11150.06
600714,1,0.5934,1.4729,-0.3836,0.2859,-0.0018,-0.1058,-0.4267,18.3735,3.608,3.6197,12.486,0.3698,3414.182
600715,1,1.2434,0.9367,-0.2176,0.1373,0.1072,-0.1072,-0.1221,25.6617,5.2687,4.2334,10.9086,-0.6596,3366.204
600716,1,1.4221,0.9271,0.003,0.4375,0.011,-0.083,-0.1203,19.4241,5.3452,3.8424,11.568,0.1553,7503.108
600717,0,-1.8206,1.0246,-0.3322,0.0474,-0.0181,-0.0392,0.1716,6.6277,0.1844,6.0589,5.9888,-1.1533,10598.25
600718,0,-0.2018,0.6999,-0.4206,-0.0235,0.0493,-0.0814,-0.0719,14.546,2.9196,2.7706,8.6363,-0.093,7855.158
600719,0,-1.0727,0.7812,-0.1684,-0.1754,0.1368,-0.1362,0.0115,26.9593,6.0973,4.449,12.8165,-0.9717,4630.689
600720,1,0.0642,1.168,-0.3759,0.138,-0.0712,-0.1376,-0.2717,28.3715,7.9742,4.3003,13.6715,0.3108,13883.88
600721,0,-0.0957,0.9352,-0.6569,-0.1387,0.0758,-0.0802,-0.3061,18.7928,3.3455,2.9709,10.1143,-0.5038,1988.168
600722,0,-0.7117,1.1264,-0.1086,0.03,0.167,-0.2194,-0.0933,41.4014,5.3898,3.4336,12.2091,-0.6758,5443.988
600723,0,-1.413,0.694,-0.0638,-0.2344,0.2205,-0.2119,-0.0226,31.461,6.9581,9.7943,12.4529,-1.6671,10265.55
600724,0,-0.8111,1.1015,-0.153,-0.2073,-0.0077,-0.136,-0.0548,28.0169,5.2275,3.1766,10.3979,-0.0729,6358.672
600725,0,-1.693,1.1587,-0.5193,0.0717,0.0924,-0.1571,0.1158,30.6044,6.4324,4.4941,12.1683,-0.6378,6075.271
600726,0,-1.6703,0.8357,0.0317,-0.0114,-0.0172,-0.0916,0.0456,16.1151,2.8757,3.8727,6.2832,-0.0009,7626.41
600727,0,-0.9509,0.7928,-0.7773,-0.0929,0.0486,-0.1284,0.0938,26.4395,5.8151,2.872,9.3254,-0.5335,6722.751
600728,1,3.0221,1.5089,-0.2546,-0.2336,0.2032,-0.1781,-0.8921,28.2142,9.8371,2.8391,13.4539,0.4984,4279.599
600729,0,-0.4538,0.718,-0.2192,0.0608,0.0715,-0.1615,0.0776,29.4388,5.7687,4.2665,10.7265,-0.4086,1573.216
600730,0,-0.0538,0.8933,-0.2975,0.1229,0.1655,-0.1752,0.0504,34.9347,8.9348,4.073,12.05,-0.7121,6147.636
600731,1,0.7378,0.8685,-0.5764,0.007,0.0907,-0.1265,-0.178,26.4848,2.9294,3.4269,10.3878,-0.3798,6935.028
600732,1,0.8471,1.0009,-0.5293,-0.1125,-0.0042,-0.1276,-0.0203,24.372,1.5906,4.0967,14.5716,0.415,8434.8
600733,1,0.441,1.2831,-0.2749,0.228,0.1054,-0.1765,-0.4253,27.6735,2.5747,3.1072,9.3553,-0.3569,1086.755
600734,1,0.4383,1.0046,-0.0102,-0.1885,0.0648,-0.1576,-0.2774,27.577,-3.045,3.2652,9.537,-0.4845,6228.235
600735,1,0.557,1.2222,-0.725,0.3529,0.0872,-0.1914,0.0366,35.5593,9.3491,2.8847,14.0996,0.1329,4975.6
600736,0,-1.0892,1.171,-0.1027,-0.1338,0.036,-0.104,-0.0578,17.7559,4.4725,3.4037,9.0719,-0.0755,15162.14
600737,0,-1.0896,0.8966,-0.5717,-0.002,0.1066,-0.1681,0.0743,27.3011,7.6708,3.6823,13.2202,-0.2822,10192.58
600738,0,-0.6371,1.0645,-0.1198,0.0431,0.0687,-0.0732,-0.0436,14.7608,2.7759,2.9608,10.597,-0.0738,7414.042
600739,0,-0.5291,1.5889,-0.2553,0.2302,-0.0076,-0.0571,0.1641,5.7274,0.7161,3.7619,9.6932,-0.2622,18990.54
600740,0,-0.435,1.1919,-0.3703,-0.0287,0.0719,-0.0767,0.1877,15.0224,5.7316,3.8023,12.1989,-0.0803,17471.51
600741,1,1.1467,0.9736,-0.2898,0.0846,0.0206,-0.0463,-0.0562,4.4218,1.6122,3.4082,9.026,-0.2922,15647.92
600742,1,1.3934,0.8356,-0.7012,-0.007,0.0101,-0.096,0.0462,17.7011,5.0388,3.6774,11.2878,0.2062,4587.765
600743,0,-1.3188,1.1018,0.0871,0.0757,-0.0797,-0.0962,-0.1255,18.0659,3.944,4.2306,7.0243,-0.2343,6160.788
600744,0,-1.5418,0.6976,-0.3452,-0.0871,0.023,-0.0908,0.0418,20.0043,1.5468,3.8046,10.2538,-0.0123,10286.57
600745,1,1.221,1.0003,0.4487,0.3851,0.0874,-0.1646,-0.256,36.6734,4.3847,2.7753,13.6612,-0.3585,4930.484
600746,0,-0.5188,0.9077,0.0325,-0.1556,0.1455,-0.1833,-0.0639,30.8434,5.7969,3.0717,12.4673,-0.2017,5202.302
600747,0,-1.439,1.031,-0.0527,-0.0935,0.0781,-0.105,-0.0088,22.6191,3.0388,2.6806,9.0936,-0.4501,17185.88
600748,0,-2.4318,1.244,0.2526,0.0336,-0.0189,-0.1297,-0.2026,28.133,5.2296,2.8119,11.347,-0.014,10408.25
600749,1,0.3057,0.7883,-0.3264,-0.0007,0.1172,-0.155,0.023,28.6899,6.8648,3.6479,11.9026,-0.407,5421.808
600750,0,-0.048,0.5201,-0.3586,-0.2731,0.0606,-0.0937,-0.1193,14.4872,0.5871,4.5628,13.2439,-0.5395,3450.625
600751,0,-0.811,1.0473,-0.1842,-0.2244,0.1378,-0.1582,0.0315,34.4078,3.1357,3.6803,12.805,-0.6128,4699.423
600753,1,0.6145,0.8384,-0.1069,-0.074,0.1967,-0.1126,-0.1266,21.3596,1.7433,3.3466,12.4033,-0.0893,3560.125
600754,1,0.4397,0.9621,-0.235,0.0297,0.0228,-0.0761,0.0587,10.0543,0.4395,3.8877,9.8163,-0.2057,3232.458
600755,0,-0.5896,0.9936,-0.2911,-0.027,0.0258,-0.115,0.1427,18.3238,2.2147,4.4332,8.0676,-0.556,12644.77
600756,1,0.4601,0.9101,-0.5154,0.1001,0.0145,-0.1193,0.0311,25.6271,4.95,2.755,11.0837,-0.6001,8063.618
600757,1,1.2426,0.7618,-0.2746,-0.0772,0.1788,-0.1568,-0.1321,31.4038,7.4525,4.4163,11.9858,-0.9048,6420.96
600758,0,-0.3189,1.1634,-0.4401,0.263,0.0982,-0.1111,0.006,22.341,5.6274,3.396,9.6892,-0.4584,3741.763
600759,0,-0.0491,1.0499,0.0453,0.0365,0.0267,-0.1183,0.0236,22.0721,4.7279,3.9967,14.6037,0.4462,13803.54
600760,0,-0.093,1.1295,-0.4359,-0.1131,-0.013,-0.0271,-0.3682,12.523,3.2992,3.3379,11.0545,-0.4568,8617.114
600761,0,-0.4534,1.0674,-0.4996,0.1069,0.031,-0.098,0.1901,13.4276,2.7516,5.8445,8.5185,-0.9511,6553.587
600763,1,2.4501,0.5436,-0.1718,-0.1499,0.1207,-0.1161,-0.0427,23.576,7.2658,4.4002,11.1287,0.2884,3242.98
600764,1,0.0237,0.86,-0.4446,-0.2377,0.1226,-0.1319,-0.0094,23.633,2.5787,3.59,9.7231,-0.2815,4974.302
600765,1,0.5382,1.1286,-0.2616,-0.0552,-0.027,-0.1399,-0.0814,31.1903,9.0809,8.9232,16.1546,1.7829,10310.4
600766,1,0.5405,0.8853,-0.3266,0.0619,0.0518,-0.1177,0.0035,18.3652,3.7501,3.2727,10.1715,-0.3733,2935.4
600767,0,-0.3813,0.9618,-0.1159,-0.0474,0.0324,-0.1006,0.0253,18.6988,0.4318,3.3177,10.369,-0.0882,8348.678
600768,0,-0.1525,0.9091,-0.1443,-0.3637,0.089,-0.113,-0.0685,23.4108,4.7879,2.3079,9.2908,-0.0826,3109.455
600769,1,0.075,0.6514,-0.5858,0.028,0.1518,-0.0847,0.012,15.8711,3.5165,2.7061,9.0201,-0.2739,5425.977
600770,1,0.3969,1.1224,-0.4993,-0.0741,0.1416,-0.1553,0.1101,26.4754,5.1642,4.6022,12.2157,-0.9531,12593.69
600771,1,1.6883,0.8867,-0.9273,0.2807,0.1298,-0.134,-0.2067,26.6702,0.5985,3.7224,13.859,-0.2248,4230.469
600773,0,-1.4299,1.0877,-0.4173,0.2257,0.1004,-0.1359,-0.1767,25.6637,4.9673,2.5991,11.9586,-0.0955,7740.409
600774,1,0.6733,0.7726,-0.1608,-0.0866,0.0793,-0.0988,0.0124,15.921,3.9421,2.7623,9.6909,-0.1568,3518.004
600775,0,-0.0272,1.0337,-0.2849,0.4256,0.1193,-0.1119,-0.144,19.7378,5.577,4.2767,11.39,-0.0777,3345.31
600776,1,0.7183,0.8852,-0.4598,0.0341,0.0866,-0.1707,0.0196,30.1217,8.3618,3.5531,12.102,-0.5455,11358.96
600777,0,-0.8047,1.0007,-0.1942,0.0222,0.0395,-0.0909,0.0478,15.6378,0.3659,2.745,10.4311,-0.206,12081.91
600778,0,-0.1566,0.9866,-0.3218,0.0541,0.0312,-0.0969,0.0176,18.1758,2.5154,2.9085,10.4635,-0.0389,5724.741
600779,0,-1.2605,0.8669,-0.2398,0.1159,0.0573,-0.1246,-0.0607,17.2506,4.8421,4.4497,10.2958,-0.6751,7577.681
600780,0,-1.28,0.9454,-0.5594,-0.0196,0.0235,-0.0857,0.0804,21.5412,3.8569,4.2546,10.383,-0.9738,9782.578
600781,1,0.0171,0.9814,-0.3807,-0.1348,-0.004,-0.1416,0.0656,25.1546,4.4862,3.5416,11.3351,0.1071,2712.043
600782,0,-1.8403,1.3218,-0.4882,0.0969,0.0469,-0.1016,-0.0329,16.0068,3.837,5.1597,9.0907,-0.9432,6325.326
600783,1,3.081,1.034,-0.4757,-0.0604,0.088,-0.2551,-0.0672,42.6201,9.6252,3.7218,14.0936,0.4975,5469.563
600784,0,-0.6935,0.8743,-0.5654,-0.3911,0.0439,-0.1054,-0.1395,26.2538,4.6184,2.7371,11.0305,-0.3668,8408.797
600785,0,-0.4634,0.4197,-0.1015,0.023,0.055,-0.0899,0.0622,11.8135,1.7364,3.6497,9.4112,-0.1447,1800.376
600787,1,0.7483,1.1765,-0.2578,-0.1643,-0.0038,-0.0962,0.1993,20.5695,6.0221,4.1822,11.3586,0.4421,11511.46
600789,0,-0.1913,0.7517,-0.6604,-0.0629,0.1011,-0.1246,-0.0822,22.9602,6.0073,3.5455,10.7678,-0.448,13038.79
600790,0,-0.5417,0.698,-0.3867,-0.1962,0.1601,-0.0788,0.0427,16.5024,4.1744,2.8084,9.2273,-0.3998,11073.94
600791,0,-0.319,0.9407,-0.155,0.0858,0.0269,-0.1296,-0.0631,23.3353,3.5078,6.8929,10.8459,0.7142,6486.697
600792,0,-1.302,0.7715,-0.5452,0.1066,0.0495,-0.0737,0.1501,12.9333,2.5459,3.393,9.8235,0.1295,2421.71
600793,1,1.8604,0.8674,-0.4546,0.2219,0.0914,-0.1228,-0.0388,23.3378,7.3196,3.5596,12.679,-0.076,836.7552
600794,1,1.9382,0.9059,-0.0507,-0.2428,0.0754,-0.1142,0.029,22.0491,5.6284,3.2259,11.0262,0.272,3939.835
600795,0,-0.6585,0.8217,-0.3034,0.1906,-0.0367,-0.0082,0.1834,2.0998,1.4721,3.4754,7.3867,-0.2223,59867.94
600796,0,-0.677,0.9096,-0.1039,0.0891,0.1287,-0.1747,0.0001,28.9726,6.3781,3.0015,10.9427,-0.1395,8842.062
600797,0,-0.1335,0.7805,-0.3868,-0.1227,0.1278,-0.1266,-0.0348,22.5196,5.9246,3.9096,10.7233,-0.3455,20661.03
600798,0,-0.9193,0.7916,-0.2382,-0.0695,0.0835,-0.0738,-0.0458,14.513,3.5587,3.6245,9.0562,-0.2235,7296.825
600800,0,-0.6842,1.2053,-0.4024,0.039,0.059,-0.2342,-0.2204,41.4056,13.8103,5.1935,15.8094,0.9131,13343.71
600801,0,-0.2394,1.2382,0.0718,0.181,-0.0312,-0.1127,-0.1787,26.7741,6.7482,2.8404,12.7583,-0.0829,4873.803
600802,0,-0.1087,1.0189,-0.3328,0.0802,0.0211,-0.1392,-0.3105,28.4332,6.396,4.0809,12.9106,0.0813,10856.61
600803,0,-0.3336,0.6237,-0.2291,-0.1205,0.1228,-0.1374,0.1214,27.4345,2.0581,3.6619,10.2668,-0.4568,6077.378
600804,1,0.369,1.097,-0.4454,0.1226,0.0489,-0.1608,-0.1315,24.897,6.6084,3.7344,13.5164,0.1161,23126.95
600805,1,1.9162,1.0964,-0.4383,-0.1173,0.0505,-0.0449,-0.0753,8.4374,2.6467,2.2993,10.1664,0.0336,14527.94
600806,0,-1.6752,1.0855,-0.4589,0.1196,0.0747,-0.1616,0.1537,27.1078,6.2983,4.0834,10.8138,-0.4779,5094.817
600807,0,-0.1747,1.0523,-0.3282,-0.6038,0.0153,-0.1178,-0.2013,18.7141,4.2757,3.7724,13.9697,0.5777,6459.093
600808,0,-2.2509,1.1775,-0.3143,0.0432,-0.0281,-0.0311,0.0882,7.1023,2.7383,5.7364,6.5442,-0.9373,32946.36
600809,1,0.5866,0.7807,-0.494,-0.0604,0.0315,-0.0425,-0.1231,12.4014,4.2875,3.3346,10.6791,-0.6203,3576.612
600810,0,-1.0928,0.9987,-0.5718,0.0875,0.118,-0.1293,-0.0049,22.5793,4.8552,3.0608,12.1439,-0.1511,6984.583
600811,0,-1.291,1.2247,-0.3383,0.0479,0.0184,-0.0686,0.0621,15.095,3.3049,3.387,9.3134,-0.0469,21145.45
600812,0,-1.2663,0.7553,-0.5657,-0.1167,0.0745,-0.1772,-0.1703,37.4575,6.8515,2.8972,13.428,-0.3376,16196.46
600814,0,-0.6128,0.8009,-0.3445,-0.0193,0.0264,-0.036,-0.0757,8.2439,2.6511,2.5127,6.4381,-0.1208,4918.253
600815,0,-0.7794,1.2786,-0.1227,-0.0299,-0.0187,-0.117,-0.1107,19.8047,5.6529,4.7554,13.0517,0.5183,10878.99
600816,0,-2.3227,1.0795,-0.8242,0.3642,0.0229,-0.0454,-0.0857,14.5024,4.0106,4.2382,12.2937,0.0126,8157.519
600818,0,-0.7981,0.7181,-0.5824,-0.0865,0.0937,-0.0452,0.1214,6.3152,-0.5293,3.7534,11.5976,0.2879,2903.499
600819,1,0.0179,0.9519,-0.2381,-0.2634,0.0555,-0.1071,-0.0173,24.2583,3.47,2.8557,12.1184,-0.2316,2953.365
600820,0,-0.7981,0.8124,-0.248,0.1713,-0.0713,-0.0143,-0.0454,5.5882,3.2436,3.3515,7.9719,-0.1714,8766.288
600821,0,-0.9682,0.9975,-0.1544,-0.1051,0.0724,-0.1115,0.0281,19.1005,2.6019,3.1597,9.4507,-0.1237,7737.131
600822,1,0.0741,0.9487,-0.3441,-0.2433,0.0369,-0.0864,0.0549,17.0202,1.3586,3.7949,13.3828,0.5531,5567.359
600823,0,-1.0496,1.1857,0.2523,0.1528,-0.0036,-0.1531,0.0826,25.4361,3.1099,3.0457,10.3868,-0.0603,5052.833
600824,1,0.4164,0.7118,-0.1584,0.0903,0.0576,-0.0544,-0.0498,10.8704,1.3683,3.8434,9.3375,-0.3419,10004.2
600825,0,-0.8038,0.8394,-0.3399,0.2314,0.0244,-0.12,0.0618,22.0949,3.0915,3.2732,10.1561,-0.6607,10393.69
600826,1,0.4264,0.9303,-0.5352,-0.1289,0.0308,-0.1342,0.0097,27.4592,7.0081,3.5037,10.4043,-0.3389,3763.739
600827,0,-1.0157,0.9827,-0.0731,-0.1156,0.0648,-0.0888,0.0967,18.6116,3.1636,3.3198,9.4834,-0.1841,6214.417
600828,0,-0.7121,0.5213,-0.193,-0.1793,0.1428,-0.1154,-0.14,23.3078,6.6803,3.8856,10.186,-0.2212,1924.945
600829,0,-0.6564,0.6794,-0.1296,0.0427,0.0202,-0.1219,0.0625,22.1791,6.2596,3.0568,11.4072,-0.3425,2897.157
600830,0,-1.211,1.0467,-0.4605,0.0187,0.1108,-0.1547,0.1113,28.4277,4.8835,4.2639,12.4142,-0.7666,11559.46
600831,0,-0.5113,0.9461,-0.1694,0.1609,0.0158,-0.0923,0.041,19.1536,3.4262,2.9861,11.2354,-0.1952,11965.66
600832,1,0.3644,0.9466,-0.0806,0.0869,-0.0439,-0.0414,0.188,9.5224,2.3589,4.1853,9.4994,0.2354,22999.99
600833,1,0.4768,0.6345,-0.531,-0.0029,0.0689,-0.115,-0.0176,26.7218,3.1297,3.4209,9.8533,-0.7575,5171.785
600834,0,-0.9394,0.8216,-0.386,0.1157,-0.0188,-0.0655,-0.0062,13.0796,-0.4327,3.0197,8.3444,0.1692,4112.111
600835,1,0.5909,0.8584,-0.3187,0.4022,0.1057,-0.136,0.1654,21.1232,4.7781,4.1047,13.7944,-0.7484,7746.206
600836,1,0.6024,1.2484,-0.4253,0.2408,-0.1115,-0.1553,0.0012,23.4117,2.6287,6.0442,14.1731,1.0709,9279.732
600837,0,-0.5396,1.4716,-0.2001,0.2582,-0.0892,0.1065,0.3716,-11.3356,-1.8272,5.8266,12.9056,0.6295,84880.46
600838,1,0.0505,0.8019,-0.2394,0.0647,0.0835,-0.0556,0.0933,8.4573,-1.5854,4.3007,10.3121,-0.5019,11004.41
600839,0,-0.1964,0.787,-0.1287,-0.0056,0.0638,-0.0386,0.0077,9.0856,2.7789,3.5125,9.2086,-0.1913,45701.01
600841,0,-0.1717,1.017,-0.2206,0.0495,0.012,-0.09,0.0065,12.3038,1.6935,4.2017,11.7496,-0.1302,1436.336
600843,1,0.7102,1.022,-0.3176,0.0455,0.1169,-0.1128,0.253,18.707,4.6698,3.4743,11.9594,0.0101,2855.029
600844,0,-0.9743,0.6877,-0.8592,-0.4737,0.1033,-0.124,0.0671,31.3111,5.9757,4.1603,13.3281,-0.6186,6301.609
600845,1,0.6223,0.7783,-0.3558,0.3118,0.0592,-0.1192,-0.0347,20.7231,2.4465,3.4603,9.3519,-0.3868,925.7782
600846,1,1.1793,1.024,-0.6652,-0.1227,0.076,-0.1238,0.0179,20.5378,3.3592,4.1738,12.4858,0.3818,14224.28
600847,1,1.36,0.7528,-0.3387,-0.1392,0.0572,-0.1026,-0.0923,21.3659,5.0601,2.7311,9.8391,0.2008,669.1052
600848,0,-0.1076,1.161,-0.4847,-0.0814,0.0165,-0.2313,-0.0077,38.5214,6.0893,5.0998,13.3055,0.3633,3747.297
600850,1,0.6748,0.8698,-0.5684,-0.2482,0.0605,-0.1167,-0.0833,24.9874,5.6609,2.5837,10.9057,-0.1847,2774.45
600851,0,-0.4539,1.0292,-0.6333,0.1704,0.164,-0.1195,0.2148,21.7761,4.6385,4.2827,11.1425,-0.7902,18312.47
600853,0,-0.9902,0.8082,-0.2435,0.0126,0.0004,-0.142,-0.0779,27.2072,4.9072,6.0343,9.0036,0.2662,6786.705
600854,0,-1.2003,1.0544,-0.0578,0.0094,0.0953,-0.0592,-0.2102,14.2217,2.0058,2.9094,10.0067,-0.3087,5421.02
600855,1,0.1991,1.0571,-0.2148,-0.2716,0.1205,-0.1347,0.0981,23.1453,4.1231,4.2963,12.4683,0.3158,8493.541
600856,0,-0.078,1.09,-0.3723,-0.049,0.0846,-0.0663,-0.1201,7.0284,1.6484,4.4507,11.7294,-0.5611,5322.044
600857,1,0.6756,0.8917,0.1466,-0.0544,0.0754,-0.1379,-0.0472,25.3717,6.0616,4.0547,11.3821,-0.3795,4455.272
600858,0,-0.6002,0.4309,-0.1367,-0.0259,0.0851,-0.0947,0.0487,15.5621,3.4997,4.314,9.5892,-0.1368,3268.94
600859,0,-0.6662,0.5916,0.0498,-0.0028,0.1302,-0.1086,0.1526,16.967,3.5741,6.3347,9.692,-0.7652,2879.523
600860,1,0.2241,0.7466,-0.6895,-0.2859,0.1797,-0.1566,0.0587,24.4889,6.0776,3.7982,14.4282,0.123,3499.371
600861,0,-0.3577,0.6293,-0.0839,-0.0668,0.077,-0.1046,-0.0376,16.8965,3.8435,12.4105,10.092,-1.7129,5833.023
600862,0,-1.6281,1.2465,-0.4477,-0.1179,0.0619,-0.1623,-0.0127,28.8165,1.7288,2.8835,11.0305,-0.3697,9357.53
600863,0,-0.5149,0.6967,-0.3024,-0.0136,0.1395,-0.1084,0.1157,18.7813,6.8096,4.442,9.6584,-0.2762,15443.59
600864,0,-0.7144,1.0594,-0.3913,0.253,0.0712,-0.1503,-0.073,26.1535,6.74,5.3583,12.8312,0.1584,7528.682
600865,0,-0.768,0.5602,0.1008,-0.0794,0.1163,-0.0873,-0.1057,15.2496,3.4733,3.6047,8.7859,-0.4045,5905.742
600866,0,-0.0828,0.7879,-0.3509,-0.1238,0.1162,-0.1739,-0.0617,35.765,7.9865,2.7956,11.9997,-0.0672,10823.9
600867,1,1.6605,0.502,-0.3729,-0.1293,-0.0063,-0.0784,-0.004,12.4596,4.4701,3.1928,9.6456,0.2766,9473.309
600868,0,-1.6498,0.8396,-0.1531,-0.1355,0.0686,-0.1504,-0.5251,32.5221,6.5739,3.6031,10.3384,-0.4947,32352.5
600869,1,1.4865,0.8197,-0.2739,-0.3409,0.1066,-0.2265,-0.3346,41.2233,9.531,3.1852,14.5081,0.0108,2992.4
600870,0,-1.4956,0.9131,-0.2131,0.2083,0.2538,-0.1759,-0.1541,35.1137,6.0129,3.2366,12.7631,-0.879,5850.571
600871,1,0.7485,0.6429,0.0311,0.1924,0.1764,-0.098,-0.0018,19.2404,3.7246,3.9979,8.6576,0.2724,4119.237
600872,1,1.4593,1.0618,0.1704,0.0237,0.1045,-0.1332,0.0838,27.4659,11.1567,6.8305,14.2111,1.1601,16625.99
600873,0,-0.0224,0.8972,-0.2219,0.0061,0.1044,-0.1683,-0.1345,29.7383,5.7707,3.2406,12.8309,0.135,6331.151
600874,0,-1.0455,1.0304,-0.2159,-0.0094,0.0034,-0.111,0.0524,13.3722,2.9163,4.322,9.8438,-0.2783,13514.73
600875,0,-1.4439,0.8176,-0.3981,0.1075,0.0303,-0.1162,0.0582,14.2252,3.7618,4.3694,10.9237,-0.5166,9228.685
600876,0,-1.1586,0.7182,-0.627,-0.2726,0.125,-0.1152,-0.0697,21.4949,-2.0945,4.0044,10.1258,0.007,2938.708
600877,1,0.1279,0.7752,-0.5693,-0.5694,0.146,-0.139,-0.0376,30.114,5.4627,3.6428,14.104,-0.1168,12098.85
600879,1,0.0755,0.7948,-0.7191,-0.1034,0.1252,-0.1351,0.156,24.0981,6.3241,3.1916,11.2374,-0.366,18339.79
600880,1,1.0032,0.4856,0.0129,-0.3278,0.1173,-0.0225,0.0649,5.3201,0.624,3.9181,11.9964,0.4671,11033.97
600881,0,-1.2349,1.4122,-0.1001,0.0218,-0.0311,-0.0622,0.1021,10.303,5.8626,3.36,9.6884,-0.016,19969.58
600882,0,-0.28,0.9201,-0.4571,-0.3551,0.1048,-0.1713,-0.0978,37.1163,6.743,3.9329,12.3249,-0.031,5490.697
600883,0,-1.1618,0.8904,-0.4028,0.0087,0.1615,-0.1855,0.1118,32.3358,7.3891,4.0136,12.055,-0.4006,4015.115
600884,0,-0.693,1.071,-0.1429,-0.1486,0.0751,-0.1051,0.0298,21.2429,6.0175,2.8949,11.113,-0.0679,9143.152
600885,1,0.4495,1.0689,0.168,0.1351,0.064,-0.2166,-0.0477,37.7356,4.8174,3.7255,13.2237,-0.4518,5086.087
600886,0,-0.8078,0.9293,-0.2383,0.2458,-0.1122,-0.0368,0.1132,7.206,2.5282,6.1095,7.3529,-1.2771,14398.52
600887,1,1.1755,0.345,-0.0166,-0.2248,0.124,-0.0934,-0.2883,15.6655,3.6034,6.2119,9.983,-1.1714,12788.19
600888,0,-1.0308,1.0648,-0.6904,-0.0765,0.0572,-0.0826,-0.1478,19.2952,3.4532,2.8487,10.0968,-0.3767,5111.179
600889,0,-0.0936,1.1335,-0.1062,0.1732,0.1072,-0.1431,0.1476,31.8446,8.2347,4.4051,11.049,-0.7453,6960.086
600890,0,-2.0677,1.3289,-0.0979,0.2092,0.102,-0.1231,-0.2315,29.723,1.9856,3.4008,10.2965,-0.1277,4258.424
600891,1,0.7835,1.1024,-0.2482,0.0938,0.0452,-0.1079,-0.3011,21.6522,2.3165,4.4005,10.5924,0.0814,4137.003
600892,1,0.2007,0.7564,-0.3167,-0.0211,0.158,-0.2066,-0.1609,31.8809,3.7763,4.431,10.8613,-0.2864,536.1725
600893,1,2.9049,0.823,-0.3196,-0.1481,0.051,-0.1319,-0.1608,18.3543,2.9831,2.8488,11.3258,0.5723,8635.881
600894,1,0.5706,1.0017,-0.2024,-0.037,0.0576,-0.1692,0.0155,26.7904,5.9572,3.1082,11.6959,-0.3597,7637.749
600895,0,-0.7491,0.9047,-0.2831,0.0682,-0.0765,-0.1029,0.0178,23.9663,3.6835,3.549,10.4059,0.4333,12544.91
600896,0,-1.5888,1.3198,-0.2798,0.2444,0.0133,-0.0728,0.1155,12.6313,2.2486,4.2614,9.1199,-0.7775,9278.296
600897,1,0.2762,0.571,-0.0893,0.0172,0.0005,0.0017,-0.1738,4.2782,2.0291,4.7399,7.8883,0.1917,2484.182
600898,0,-1.7005,1.0751,-0.7258,-0.0822,0.0147,-0.1304,-0.188,27.3348,-1.0394,3.1113,9.8458,-0.8512,8014.235
600900,0,-0.9108,0.5653,-0.2947,0.049,-0.0173,0.0034,-0.1359,-0.313,0.6455,5.3743,4.3875,-0.974,31383.64
600960,1,0.2254,0.9126,-0.1566,0.3515,0.0906,-0.0946,-0.0053,18.4337,6.8895,2.6393,9.2761,-0.05,3457.801
600961,0,-0.9081,1.3974,-0.1467,-0.2197,0.0907,-0.0994,0.0591,22.0833,7.0146,3.1626,12.2241,-0.4122,7962.025
600962,0,-0.7501,0.8698,-0.3412,0.078,0.1068,-0.1633,-0.0886,30.6011,7.8184,2.8886,11.4286,-0.6178,3731.249
600963,0,-2.2835,1.2374,-0.4185,0.0604,0.0164,-0.0854,-0.052,17.4748,3.2462,3.5984,9.1554,-0.5247,14227.48
600965,0,-0.1958,0.8466,-0.1572,-0.2358,0.0031,-0.0836,0.0181,13.6829,2.8027,3.406,8.8024,0.1737,7721.805
600966,0,-1.4143,0.9864,-0.3692,0.1211,0.0574,-0.0927,-0.1053,13.5449,4.3079,3.9372,7.5027,-0.377,7219.495
600967,1,0.839,0.8417,-0.7812,0.1893,0.014,-0.0147,-0.0228,1.9975,-0.2711,3.3921,10.5958,-0.4737,4471.035
600969,1,0.787,0.8067,-0.4556,0.09,0.1361,-0.1083,-0.0422,20.6625,7.7035,3.9248,9.8587,0.3829,2437.1
600970,1,0.3666,0.4648,-0.2638,0.0965,0.1426,-0.0571,-0.0274,18.8104,3.9994,2.8344,10.7267,0.4042,6112.679
600971,0,-1.1263,1.1567,-0.3046,0.1328,0.1235,-0.1443,-0.0178,23.0485,5.9683,3.657,11.3794,0.3162,6428.539
600973,0,-0.7688,1.0497,-0.3239,0.2088,-0.0022,-0.0739,-0.1242,16.1882,3.5063,3.8557,9.0802,-0.5815,3801.363
600975,0,-0.4445,0.9236,-0.3436,-0.0354,0.0323,-0.074,-0.1443,14.8247,1.5686,2.4899,9.3495,-0.1704,7150.584
600976,1,1.226,0.6329,-0.0258,0.2241,0.0791,-0.0685,0.0192,10.5558,2.325,2.8088,9.5115,-0.0666,3328.627
600978,0,-0.9635,1.0315,-0.3703,0.1437,0.0943,-0.1054,-0.0733,19.7062,5.6748,3.1731,10.0748,-0.4834,16654.34
600979,1,0.7343,0.8203,-0.2189,-0.0048,0.0961,-0.1387,-0.0551,29.3285,4.3382,3.2914,10.2055,-0.3497,6834.52
600980,0,-0.22,1.0048,-0.744,-0.1648,0.0629,-0.1409,0.2436,29.1148,6.5902,3.1228,13.3078,-0.0453,3714.268
600981,0,-1.5654,0.8061,-0.4978,-0.0186,0.1054,-0.0744,0.1207,17.4418,2.7193,3.3774,9.2267,-0.7274,5949.371
600982,1,0.4935,0.7455,-0.3306,0.2369,0.0948,-0.1018,0.0375,17.5561,3.587,3.5507,8.6388,-0.2005,2231.728
600983,1,1.72,1.0041,-0.3566,-0.0054,0.0521,-0.0892,-0.0095,18.9255,4.4615,2.8374,11.9334,-0.0747,4291.652
600984,0,-0.4068,1.0169,-0.3352,0.0818,0.1429,-0.1573,-0.1709,29.3643,4.2079,3.9057,9.5556,-0.6132,1411.802
600985,1,1.1026,0.7258,-0.0766,-0.0129,0.0539,-0.1411,-0.0423,26.1942,4.593,4.4537,11.5015,-0.0289,2348.748
600986,0,-0.6966,1.057,-0.3506,0.0101,0.0538,-0.19,-0.0247,33.9119,4.4527,3.6902,13.0481,0.0953,6320.386
600987,1,0.497,0.8554,-0.2452,0.1697,0.0519,-0.0777,-0.058,17.9367,3.2138,3.3205,8.7692,-0.5775,5497.389
600988,1,1.3703,1.0089,-0.0568,-0.0988,0.0972,-0.0519,-0.4522,9.2646,1.5178,3.4421,9.3235,0.1494,1659.526
600990,1,2.1134,0.8975,-0.5743,-0.1634,0.1084,-0.1241,-0.1378,24.7617,1.4783,2.8237,14.2767,0.164,1543.84
600992,0,-0.1477,0.8333,-0.2102,-0.0321,0.0366,-0.0886,-0.0125,18.9631,3.7006,3.1571,8.8566,-0.0739,3180.806
600993,1,0.6832,0.5268,-0.4834,0.4029,0.1487,-0.1222,-0.0716,24.6306,5.5294,4.8787,10.7818,-0.8734,2413.877
600995,0,-0.9966,0.9254,-0.5851,-0.0303,0.054,-0.0317,0.0506,8.8594,1.6469,3.8293,8.3142,0.2417,7052.537
600997,0,-1.4832,1.0355,-0.0065,-0.1043,0.1606,-0.0741,0.049,15.7602,4.4889,3.7016,9.602,-0.0373,11736.25
600998,0,-0.0708,0.2036,-0.3787,-0.1478,0.1407,-0.0474,0.0445,3.1587,3.7614,2.3278,8.6544,0.4627,3332.03
600999,0,-1.6009,1.4027,-0.3976,0.2119,-0.0309,-0.0742,0.1587,8.945,3.0492,3.5627,6.2853,0.5932,16066.72
601000,0,-1.0142,0.7515,-0.2245,-0.1706,0.1494,-0.1208,-0.1597,19.8125,5.4289,5.7569,6.6296,0.512,6084.225
601001,0,-1.3914,1.2415,-0.3994,0.12,0.0421,0.0344,0.1309,1.29,1.6942,4.0898,9.794,0.61,10653.39
601002,0,-0.5479,0.7669,0.0867,0.0165,0.0044,-0.0818,-0.0307,12.7251,0.9093,4.6892,15.0597,0.9137,12310.07
601003,0,-1.7484,1.256,-0.2281,0.0041,0.0335,-0.1063,0.0961,14.3251,8.2237,5.8997,9.9552,0.4285,7248.9
601005,0,-1.5197,0.9894,-0.5186,0.0317,-0.0459,-0.0899,-0.098,15.4257,4.6267,4.2153,11.2124,0.1857,9435.112
601006,0,-1.2757,0.6426,0.0196,-0.0242,-0.0333,0.0105,0.1137,-1.0792,0.1788,2.6635,4.4905,-0.2507,43833.65
601007,0,-0.4488,0.8459,-0.2951,0.138,0.0686,-0.0846,0.1142,17.3807,3.7149,3.5341,6.9053,-0.7072,2870.304
601008,0,-1.0976,0.9322,-0.0517,-0.0481,0.0307,-0.07,-0.0195,17.0227,2.4199,3.6509,8.7045,-0.3314,6194.224
601009,0,-0.3323,1.1269,0.1381,0.1337,-0.0474,0.0106,0.0763,-1.719,0.6904,3.4727,4.9812,-0.0501,17759.96
601010,0,-0.9288,0.9096,-0.1871,-0.1099,0.1195,-0.049,-0.3182,16.2254,4.5386,4.3063,6.3702,-0.8751,2625.963
601011,0,-2.8975,1.4557,-0.408,-0.2259,0.0593,-0.0863,0.0025,16.7456,6.418,3.2218,6.9359,-0.0865,3021.086
601018,0,-0.7094,0.8928,-0.2945,-0.3699,-0.002,-0.0156,0.0275,4.631,-0.1163,6.2687,5.8045,1.142,30432.27
601058,1,0.6147,1.2829,0.2577,0.1671,0.2814,-0.0616,-0.0229,9.022,0.2476,2.9254,7.6478,0.3563,3760.257
601088,0,-1.7254,1.0078,-0.0568,0.2465,0.0031,-0.0026,0.0803,2.9273,2.302,3.5884,5.6618,-0.1809,21588.61
601098,1,0.133,0.9169,-0.1083,-0.0375,0.0725,-0.0416,0.0255,8.2075,3.72,3.2647,8.9037,-0.1697,10662.78
601099,0,-1.4527,1.3843,-0.0432,0.3813,-0.0088,0.038,0.3519,-5.9855,2.0401,8.0504,12.1258,0.7966,15053.13
601101,0,-2.3933,1.5691,-0.3567,-0.0949,0.0857,-0.0615,0.1397,12.13,0.7877,3.2598,7.2487,0.4044,7961.196
601106,0,-1.9947,0.8809,-0.4799,-0.0838,0.0552,-0.0038,-0.2167,3.983,-5.5019,3.6873,7.5323,-0.515,35225.62
601107,0,-2.2163,0.8206,-0.1546,-0.1867,0.0794,-0.0455,-0.1943,10.8832,3.3922,4.6583,7.1008,0.8455,11739.56
601111,0,-2.0309,1.3012,-0.4305,0.1633,0.1035,-0.1208,0.3022,16.5431,3.406,4.4658,11.3501,-0.5308,31118.26
601113,0,-0.9685,1.1186,-0.4068,-0.3639,0.1905,-0.1547,-0.3756,23.1062,11.6732,2.9547,7.4575,-0.6743,4363.205
601116,0,-3.1507,0.6802,-0.4652,-0.6464,0.1202,-0.0422,-0.8192,4.9249,3.8547,1.8975,8.7426,-0.1856,2421.712
601117,1,0.5114,0.9971,-0.5841,-0.1392,0.0998,0.0452,-0.2578,-4.3149,-4.8197,2.5468,10.9948,0.3879,34125.37
601118,0,-0.9526,1.634,-0.2629,-0.2765,0.2416,-0.0057,-0.3442,7.5365,1.7658,3.3369,10.1708,0.5496,40380.64
601126,0,-1.0298,0.9405,-0.6659,-0.0158,0.2969,-0.1969,-0.4609,29.6252,12.9128,3.1432,9.7718,-0.4344,1958.755
601137,0,-1.6115,0.6874,-0.5471,-0.4146,0.1223,-0.054,-0.5244,18.5047,3.446,3.9002,8.8106,-0.7846,1049.682
601139,0,-0.6847,0.8508,-0.1804,0.0112,-0.0275,-0.1239,0.0012,12.0272,2.8914,2.6963,6.6945,0.0866,5116.122
601158,0,-1.2126,1.0814,-0.1991,-0.0014,0.1311,-0.0424,-0.1465,9.43,-0.2188,3.2987,4.6367,-0.2499,13230.76
601166,0,-0.4347,1.4354,0.2195,0.1201,-0.0299,-0.0253,-0.1981,4.7121,-0.9166,3.5439,5.6098,-0.2852,51201.73
601168,0,-2.5796,1.3919,-0.1585,0.0913,0.052,-0.0478,-0.0648,10.5759,2.5427,3.9478,8.2908,-0.2557,33570.82
601169,0,-0.6713,0.9908,0.1894,0.0005,-0.0549,0.0187,-0.2263,-0.5834,-0.2557,3.4899,6.893,0.1416,30943.24
601177,0,-1.8777,1.1155,-0.2926,-0.0286,0.115,-0.114,-0.0347,18.1958,4.5266,3.0833,7.9915,-0.2856,2522.053
601179,0,-1.5644,0.7041,-0.3477,-0.1121,0.1033,-0.0606,-0.3029,13.3391,-1.0758,3.2937,6.8017,-0.2782,20562.91
601186,0,-1.6317,0.7377,-0.3145,0.0951,-0.0962,-0.0034,0.0356,0.6135,1.2992,2.6423,7.2405,0.2709,41476.42
601188,0,-1.9924,0.9994,-0.1066,-0.0477,-0.0038,-0.0688,-0.1925,9.4579,-1.2913,3.0461,4.794,0.1778,6030.343
601199,0,-0.446,0.6887,0.3208,-0.1262,0.2055,-0.084,-0.4924,12.4367,-0.0247,2.3858,7.8899,-0.2625,2025.112
601208,0,-1.1307,1.0068,-0.0995,-0.1973,0.3274,-0.1554,-0.6264,31.1604,8.2746,2.2897,10.545,-0.0378,4633.305
601216,0,-1.651,0.6069,0.2426,-0.1257,0.3483,-0.0226,-0.3562,-2.1049,0.0022,2.7946,10.968,0.5476,10229.02
601218,0,-1.4963,1.2948,-0.4566,-0.461,0.3534,-0.1065,-0.2151,22.3851,8.6394,2.6719,7.2622,-0.1457,3324.587
601222,0,-0.1575,1.4977,-0.541,0.2179,0.404,-0.0609,-0.2995,12.7938,1.5658,2.6713,10.5057,0.1518,4073.391
601233,0,-1.8312,1.7047,-0.0529,-0.199,0.1711,-0.0806,-0.2937,20.8412,9.7724,2.3322,9.6912,-0.0711,7641.372
601258,0,-3.0647,1.3722,-0.5428,-0.5406,0.4129,-0.1047,0.0149,23.2285,-0.3945,3.0941,12.1783,0.5117,9248.106
601268,0,-1.7453,1.0647,-0.584,-0.6101,0.1377,-0.02,-0.1524,1.8032,-3.4169,3.0377,10.1415,-0.3438,10292.4
601288,0,-0.1124,0.6828,0.1542,0.0115,-0.0571,0.0179,-0.0956,-1.5376,-1.7084,2.3694,2.3844,0.0425,139964.5
601299,0,-0.1459,0.7619,-0.2132,-0.1728,0.0469,0.0353,-0.4461,-4.3142,-8.078,2.6543,9.5162,0.3535,53557.34
601311,1,1.3473,1.4673,-0.0983,0.112,0.2865,-0.1406,-0.2629,37.3077,14.7982,3.8555,12.3498,0.6689,9507.586
601318,0,-1.9818,1.2942,0.1725,-0.0345,-0.0072,0.0156,-0.1525,-2.4433,-0.9046,3.791,7.0793,-0.4231,30680.54
601328,0,-1.5519,1.0674,0.1349,0.1368,-0.0348,-0.008,-0.1217,0.7262,-0.9837,4.1295,3.7673,-0.4225,63043.88
601333,0,-1.5394,0.8077,-0.0003,0.1408,-0.0622,-0.0044,0.0544,0.4555,1.7917,3.5201,6.0742,-0.4005,32691.66
601369,0,-1.0131,0.9344,-0.1757,-0.1264,0.1436,-0.1244,-0.0554,18.7606,3.8007,2.5725,7.058,0.0012,6158.65
601377,0,-1.7097,2.1183,-0.4715,0.4138,0.0028,-0.018,-0.0485,10.7068,1.177,3.6454,8.4599,0.7408,17986.81
601390,0,-2.1755,0.869,-0.2232,0.1136,-0.0566,-0.0262,0.1244,2.6011,1.6006,3.4286,6.7422,-0.072,62347.5
601398,0,-0.7548,0.6841,0.147,-0.0282,-0.0228,0.018,-0.0466,-4.0604,-1.2404,6.0901,3.1881,-0.0804,111774.9
601518,0,-2.1241,1.0518,-0.042,0.0301,0.0009,-0.0414,-0.1285,5.967,-1.9953,2.5667,4.4054,-0.0401,7633.694
601519,0,-0.3854,1.3025,-0.2096,-0.4667,0.3186,-0.0166,-0.4181,5.36,2.9027,3.0892,12.449,0.5449,11411.36
601558,0,-3.7261,1.58,-0.6649,-0.3534,0.2914,-0.1926,-0.1285,30.4078,11.0093,3.2046,7.0352,-0.359,4127.335
601566,0,-1.0454,0.9378,-0.3451,-0.0624,0.2904,-0.1357,-0.146,23.7868,5.7698,2.542,8.6944,-0.3359,2850.359
601567,0,-0.1456,1.0802,0.0385,0.0266,0.2286,-0.0451,-0.1938,10.4821,4.4982,2.6306,4.787,-0.2629,2171.559
601588,0,-2.2335,1.0886,0.116,-0.0254,0.0632,-0.1079,0.0281,16.0176,3.8113,7.267,8.6344,-1.1278,17685.79
601599,0,-0.7163,1.3501,-0.6979,-0.1243,0.1534,-0.0905,-0.0923,15.2885,2.3823,5.189,8.9936,-1.1555,3645.133
601600,0,-2.5344,1.5013,-0.4185,0.0549,0.0531,-0.0312,0.0497,6.6507,5.4363,4.5683,9.3891,0.2312,28935.44
601601,0,-1.776,1.2712,-0.1244,0.1543,-0.0386,0.0382,-0.0134,-6.1607,-1.5947,3.5303,5.5907,-0.2508,24777.02
601607,0,-0.0205,0.6589,-0.3103,0.0448,0.0522,-0.099,-0.0673,19.582,5.0427,3.6986,10.8941,0.3278,13507.29
601616,0,-2.6393,0.7327,0.0538,-0.6483,0.2743,-0.091,-0.2036,11.9406,3.7396,3.3957,5.8019,-0.1555,5465.037
601618,0,-2.1722,0.97,-0.0697,-0.0602,-0.0143,-0.005,0.0804,1.5213,-0.732,3.6286,4.4611,-0.5666,46582.37
601628,0,-2.0436,1.1903,-0.2094,0.136,-0.0884,0.0493,0.033,-8.1192,-0.8666,4.2399,5.643,-0.3434,19367.84
601636,0,-1.141,1.512,-1.1075,-0.2613,0.3569,-0.2048,-1.0015,39.6663,11.299,3.4258,10.669,-0.6635,7650.374
601666,0,-1.6853,0.9845,0.0637,-0.0805,0.0844,-0.0596,0.0437,11.02,2.6959,2.9458,9.9021,0.1906,14154.79
601668,0,-1.4412,0.8722,-0.1028,0.0117,-0.0674,0.0323,-0.1427,-3.3492,-2.5809,4.9896,5.2442,-0.3691,123041.2
601678,0,-1.3366,1.5754,-0.1793,0.2542,0.1487,-0.1004,-0.1039,25.0347,9.4063,3.1146,7.9818,0.239,5420.417
601688,0,-2.2141,1.8375,-0.2619,0.3017,0.0128,-0.0446,0.011,3.5456,-0.3364,3.1868,5.9441,0.3065,25487.58
601699,0,-0.5955,1.2594,0.019,0.0418,0.0839,-0.0749,0.0944,16.9004,1.3381,3.4461,12.9569,0.5468,12233.54
601700,1,0.9521,0.8407,-0.4769,-0.4168,0.4208,-0.0968,-0.578,15.3161,4.7938,3.4491,8.9878,-0.2902,2087.961
601717,0,-2.1673,1.2029,-0.3026,-0.0711,0.1498,-0.0366,-0.012,8.5318,0.3924,2.6451,7.4999,-0.2308,11871.22
601718,0,-1.8001,1.0629,-0.1082,-0.0604,0.0202,-0.0539,-0.0263,8.7578,0.0015,2.7457,5.5934,-0.0037,24214.27
601727,0,-0.7317,1.0414,-0.3503,-0.1486,0.092,-0.0041,0.1712,3.5617,2.7071,3.9005,7.4389,-0.5072,16276.88
601766,1,0.3948,0.666,-0.2485,-0.193,-0.0714,-0.0049,-0.0671,1.8243,1.3387,2.781,9.2369,0.1232,74670.4
601777,0,-2.3122,1.1383,-0.4407,-0.6173,0.2128,-0.1303,-0.2114,22.027,6.9535,3.7531,6.8366,0.1344,4111.555
601788,0,-1.3211,1.6496,-0.316,0.4144,-0.0823,-0.0488,0.3371,5.3334,0.2585,4.3018,7.3805,0.0931,18834.31
601798,0,-0.3949,1.1521,-0.1962,-0.0908,0.1401,-0.1152,-0.1541,18.9635,5.4879,2.3827,8.2588,-0.3006,3664.901
601799,1,0.3351,1.166,-0.3544,-0.4271,0.4332,0.0066,-0.4209,6.3721,-1.4168,2.8818,7.5965,0.1584,1939.522
601801,0,-0.6782,1.0123,0.1623,0.2409,0.1076,-0.1063,-0.0542,11.9544,2.7789,2.9684,8.0219,-0.2486,7054.023
601808,0,-0.5954,0.8457,-0.1209,0.1078,0.0534,-0.0648,0.0645,12.2378,0.2908,4.631,9.7153,-0.8388,9800.681
601818,0,-0.566,1.1743,0.0603,0.0749,0.0129,0.0063,0.0429,-2.5741,1.2834,6.3147,3.9097,1.5995,89742.75
601857,0,-1.5214,0.6571,-0.0633,0.0468,-0.0024,-0.0109,0.0759,3.4456,1.1547,5.4378,4.5135,-1.2074,31396.02
601866,0,-1.881,1.0833,-0.0963,-0.0378,0.0348,-0.0644,0.1266,13.1682,3.3529,3.2717,8.9431,0.2306,35654.21
601872,0,-1.9781,1.1538,-0.0612,0.01,-0.0247,-0.0266,0.0408,4.8135,1.1626,4.0977,7.0924,-0.0503,12767.6
601877,1,0.9853,0.7827,-0.187,0.1041,0.1251,-0.1014,-0.2644,14.2883,3.8178,3.8827,7.1518,0.0874,2107.564
601880,0,-2.1124,0.9105,-0.4974,-0.1777,-0.0443,-0.0364,-0.0243,6.0631,3.9936,4.4777,6.332,-0.6216,15096.78
601886,0,-0.5336,1.3863,-0.3726,-0.0772,0.1737,0.054,-0.2521,-9.8298,-7.6339,3.7726,8.4941,0.0593,7999.979
601888,1,1.9425,0.3236,-0.0398,-0.3509,0.1939,-0.1783,-0.2368,26.993,8.3186,3.4105,9.8392,0.5347,6212.483
601890,0,-2.1865,1.5714,-0.8466,-0.0611,0.2462,-0.1284,-0.443,19.6921,5.7475,3.95,7.9967,-0.5797,5556.437
601898,0,-2.0529,1.1714,-0.2219,0.0559,0.0314,-0.0263,0.2227,6.5899,2.5135,4.4816,6.6772,-0.5741,27792.05
601899,0,-2.0504,1.1778,-0.2006,-0.1318,-0.0507,-0.1509,0.0131,24.852,8.5209,3.9872,10.5811,0.0604,98034.68
601918,0,-1.6869,1.1769,-0.2351,0.2977,0.0329,-0.0654,0.1069,15.7595,5.462,2.9248,9.744,0.1328,11520.6
601919,0,-2.9773,1.3233,-0.2817,-0.0782,0.0402,-0.0171,0.1349,5.0254,2.4745,4.6648,7.5925,-0.5328,33903.16
601933,0,-0.6285,0.9594,0.316,-0.174,0.0259,-0.1498,-0.5084,19.7616,4.6576,3.3968,8.8909,-0.1096,4701.982
601939,0,-1.0226,0.9026,0.0582,0.0429,-0.0291,0.0219,-0.0803,-4.7498,-0.6215,5.5615,3.2905,0.1808,70123.81
601958,0,-1.9226,1.4352,-0.5332,0.1911,-0.0017,-0.0784,-0.0154,15.1102,3.9562,2.7502,8.6423,0.1729,19470.53
601988,0,-0.9856,0.7192,0.0814,-0.0609,-0.0109,0.0134,0.0619,-3.3203,-0.619,6.5902,3.4324,-0.4304,53158.96
601989,0,-0.7927,0.9793,-0.2958,-0.1071,0.1087,-0.1057,-0.108,21.0181,3.4444,2.6011,8.4546,0.2689,54228.58
601991,0,-2.4985,0.797,-0.1393,-0.01,-0.0232,-0.0046,0.0396,-4.5017,0.3348,3.5122,7.8554,-0.0651,9711.631
601992,0,-2.4696,1.9158,-0.076,-0.1778,-0.013,-0.0212,0.0107,0.1804,-4.1664,3.5393,10.2311,0.879,17469.32
601998,0,-0.3999,1.0247,0.0762,0.1525,-0.0382,-0.0009,-0.043,4.7736,0.9957,5.1588,7.0204,0.4433,31774.74
601999,0,-0.6691,1.1509,-0.1822,0.0218,0.0397,-0.0849,0.0499,14.7422,3.7742,3.3053,11.661,-0.4441,5917.3
